Year,Prop in niche,Prop in niche (Gaussian centered),Prop in niche (linear lagged)
1,0.9772043010752688,NA,NA
2,0.984516129032258,NA,NA
3,0.9807885304659498,NA,NA
4,0.9704659498207885,NA,NA
5,0.9848028673835125,NA,NA
6,0.9835125448028674,NA,NA
7,0.9819354838709677,NA,NA
8,0.8963440860215054,NA,NA
9,0.8017204301075269,NA,NA
10,0.9253046594982078,NA,NA
11,0.9362007168458781,0.868685244137182,NA
12,0.643584229390681,0.856013136384884,NA
13,0.9053763440860215,0.845572661509328,NA
14,0.9374910394265233,0.831786848504402,NA
15,0.7727598566308244,0.813834546810525,NA
16,0.8617921146953404,0.796985143578852,NA
17,0.6930465949820789,0.784712344339166,NA
18,0.5575627240143369,0.773109313258999,NA
19,0.8613620071684588,0.763062663449727,NA
20,0.8559139784946237,0.75282478533365,NA
21,0.9446594982078853,0.740672260879116,0.915563623950721
22,0.7938351254480287,0.731193701431271,0.905830656798399
23,0.9138351254480287,0.725394553728076,0.895126999643129
24,0.44344086021505374,0.720503796689263,0.882436034694099
25,0.07799283154121864,0.713383115265139,0.866819966174805
26,0.40516129032258064,0.706818211658734,0.847391270617077
27,0.9700358422939068,0.702953163093238,0.828021536408633
28,0.9806451612903225,0.701707536939886,0.808789585563779
29,0.9829390681003585,0.697822947077554,0.797713540939347
30,0.7934050179211469,0.689526482767757,0.795203649397198
31,0.6275268817204301,0.682456129980775,0.78016974662136
32,0.7736200716845878,0.673694805289603,0.763441480860836
33,0.7029390681003584,0.66663810029571,0.773571661313597
34,0.8091756272401434,0.651421980839916,0.759486105292557
35,0.3356272401433692,0.644099770549754,0.739875560520722
36,0.1985663082437276,0.642854831741853,0.732754891464569
37,0.6219354838709678,0.636004796903124,0.716502040373008
38,0.7763440860215054,0.628678648194244,0.715950286272867
39,0.5341935483870968,0.626501864808871,0.727614082452792
40,0.5944086021505376,0.628713003619899,0.710504119536378
41,0.8691039426523297,0.630006385941267,0.693946531365886
42,0.8157706093189964,0.629176173597331,0.668763208118047
43,0.8311111111111111,0.628059506792367,0.657452559388043
44,0.07799283154121864,0.629586522091477,0.631614454840261
45,0.5733333333333334,0.627053320604496,0.649101770392093
46,0.8691039426523297,0.624173026979502,0.703236357429906
47,0.46767025089605735,0.618479102249864,0.727898958866701
48,0.6997849462365592,0.608346992940834,0.700039411007153
49,0.8596415770609319,0.594437917360302,0.670691554562522
50,0.9427956989247311,0.585088147287821,0.640961380316219
51,0.436415770609319,0.575446897484585,0.626916166271005
52,0.14222222222222222,0.566036902178196,0.625849896817639
53,0.45204301075268816,0.55817403111775,0.610110319787739
54,0.7783512544802867,0.554993358864842,0.601122748219522
55,0.530752688172043,0.557710730366076,0.581272013530078
56,0.30494623655913977,0.562980746053642,0.604338314015733
57,0.3102508960573477,0.567259801861458,0.640348182283666
58,0.560573476702509,0.576151535521947,0.637604307281727
59,0.45089605734767024,0.584442997816898,0.619414420704743
60,0.8091756272401434,0.595441705628789,0.624428617977005
61,0.8037275985663083,0.607766471271479,0.624874862294217
62,0.8670967741935484,0.622665697044388,0.600340113888501
63,0.6291039426523297,0.637712968380118,0.579845769523189
64,0.7524014336917563,0.645190935250841,0.557616099551583
65,0.37591397849462366,0.649443314448756,0.605141429657559
66,0.8529032258064516,0.652447302561858,0.608846064329935
67,0.5458064516129032,0.655144621690192,0.584262905553228
68,0.3872401433691756,0.655227480929205,0.595825536470698
69,0.47885304659498207,0.652579645091606,0.585330416298158
70,0.8480286738351255,0.652626090781846,0.560252602833248
71,0.9686021505376344,0.644321738591206,0.527727039985105
72,0.811326164874552,0.639466174675516,0.542859004794489
73,0.7948387096774193,0.633892036265159,0.587561017238437
74,0.5245878136200717,0.632078893094348,0.604411550218002
75,0.6203584229390681,0.624676042226554,0.590913745752455
76,0.3683154121863799,0.62496385453789,0.599221710189452
77,0.3872401433691756,0.625973012540262,0.628413784542817
78,0.4153405017921147,0.624519372815153,0.657578550481776
79,0.5944086021505376,0.632739735044686,0.664133190584804
80,0.9046594982078853,0.636669815161409,0.682622849074462
81,0.44344086021505374,0.640453112907281,0.666958370184177
82,0.880573476702509,0.638863148901394,0.652121832766994
83,0.810752688172043,0.638946581415852,0.63128054740958
84,0.8941935483870967,0.637482239098396,0.633222548061258
85,0.32415770609318995,0.629681923615951,0.622101816940527
86,0.7351971326164874,0.620599895464668,0.646762556439976
87,0.977921146953405,0.604807656180138,0.628601840214743
88,0.1350537634408602,0.582796466018353,0.636580862387314
89,0.9286021505376344,0.563889237985836,0.661318561963723
90,0.4167741935483871,0.542931779427654,0.677459076168754
91,0.691326164874552,0.523111891639458,0.659359803875933
92,0.22265232974910396,0.508360130471507,0.627070086424925
93,0.47885304659498207,0.496045492697986,0.60763890828407
94,0.5899641577060932,0.491060724204143,0.588819686884203
95,0.10422939068100358,0.492322261823561,0.592748995329641
96,0.5883870967741935,0.506644194403366,0.587833480736706
97,0.10494623655913979,0.525079311437899,0.604690840819873
98,0.043297491039426525,0.549132516900066,0.618338841564648
99,0.7832258064516129,0.581490638566846,0.631024841347422
100,0.7574193548387097,0.613098677215109,0.628137597169855
101,0.9192831541218638,0.650079155868576,0.597109031947742
102,0.6395698924731182,0.683896388353901,0.608858477245574
103,0.8301075268817204,0.71842823116806,0.580650126456578
104,0.8183512544802868,0.748275579412212,0.558822014305885
105,0.7710394265232975,0.773626158523635,0.528875234681686
106,0.8811469534050179,0.796258847519206,0.553161104128846
107,0.9654480286738352,0.808637269560148,0.541076510108768
108,0.9691756272401434,0.821742103015627,0.506888237210818
109,0.5512544802867384,0.830728515628613,0.551126006609878
110,0.9611469534050179,0.830095212110001,0.523363900138094
111,0.8411469534050179,0.829293670596811,0.54396871945259
112,0.8371326164874552,0.827277565532152,0.540245465406756
113,0.7545519713261649,0.818491754667992,0.581431519496036
114,0.9376344086021505,0.812210512792784,0.601312665828795
115,0.9459498207885305,0.805646300624213,0.612633865537091
116,0.7036559139784946,0.799224857489856,0.670707691352853
117,0.640573476702509,0.792510829798083,0.684993095315676
118,0.7848028673835126,0.786664472493432,0.7461707706869
119,0.8140501792114695,0.778953795909546,0.816289469192695
120,0.8027240143369175,0.776192091053336,0.819226365032817
121,0.876415770609319,0.767638853209104,0.825024437927664
122,0.9376344086021505,0.764043088782178,0.816187062638676
123,0.11182795698924732,0.760793878748145,0.830493568558085
124,0.8402867383512544,0.758717468819809,0.827522537199956
125,0.8526164874551971,0.753855924617546,0.825768592220205
126,0.8514695340501792,0.751016266832654,0.828663904792937
127,0.8931899641577061,0.742444994463303,0.821601576440286
128,0.9340501792114695,0.739736815987156,0.806739592546044
129,0.599426523297491,0.732485173167585,0.789938090583252
130,0.7126881720430107,0.726655889740353,0.811828267312138
131,0.4696774193548387,0.721893083805039,0.794327918198886
132,0.8240860215053764,0.718723177667957,0.787662803146674
133,0.7632974910394266,0.717448525394568,0.781042995236544
134,0.7611469534050179,0.723811174008874,0.781959068410681
135,0.619068100358423,0.726594755959215,0.764852208723176
136,0.8235125448028674,0.733103710470135,0.7464593709755
137,0.11340501792114695,0.741954435319358,0.747538053344505
138,0.9450896057347671,0.750599001108283,0.755669754379432
139,0.6742652329749104,0.754738058309163,0.750211174727304
140,0.8903225806451613,0.760675008869755,0.742423932101351
141,0.9156989247311828,0.761500626725616,0.736155409703797
142,0.9762007168458782,0.763848332421939,0.723619606200251
143,0.9437992831541219,0.756878685288429,0.705545159738708
144,0.7800716845878136,0.743076889784564,0.76543685704976
145,0.8731182795698925,0.729689511612359,0.759247156666512
146,0.8683870967741936,0.713437408875652,0.752004841037099
147,0.760573476702509,0.689329529169449,0.744473304473305
148,0.5618637992831541,0.673171255877776,0.731714689134044
149,0.15369175627240145,0.649416282038165,0.711863333798818
150,0.3750537634408602,0.628178984491816,0.721461000170678
151,0.44014336917562724,0.608741716853476,0.719582305388757
152,0.9168458781362007,0.587139236760907,0.741731291408711
153,0.7303225806451613,0.572011715622683,0.731255411255411
154,0.4309677419354839,0.554013581042692,0.724867104221943
155,0.905089605734767,0.533544511852519,0.719297428974848
156,0.6924731182795699,0.517306759170911,0.726961783735977
157,0.21763440860215053,0.499477905253529,0.713417430836786
158,0.5534050179211469,0.48472432513321,0.766333069558876
159,0.4592114695340502,0.47451128538562,0.741537649924747
160,0.2521863799283154,0.472723443790425,0.739535446632221
161,0.46308243727598564,0.471492778109083,0.716042141848593
162,0.08645161290322581,0.474304026604354,0.686652081490791
163,0.7324731182795698,0.479622762752608,0.65070676038418
164,0.28329749103942653,0.496471177213738,0.614847709041257
165,0.0182078853046595,0.518949373669726,0.590574873155518
166,0.72415770609319,0.542538950616099,0.55719840494034
167,0.5261648745519714,0.570219797792741,0.522770562770563
168,0.6864516129032258,0.602968451838888,0.497823084919859
169,0.7869534050179211,0.629367285692088,0.491914537075827
170,0.9797849462365591,0.6539885725929,0.526688699591925
171,0.7589964157706093,0.670569481352584,0.543001132678552
172,0.6384229390681003,0.684234184123974,0.554254681996617
173,0.6374193548387097,0.697838469036341,0.520962000962001
174,0.9189964157706093,0.700265011047392,0.505442753184689
175,0.6367025089605735,0.704265296621428,0.518028208350789
176,0.7688888888888888,0.707945113897101,0.486922062405933
177,0.6844444444444444,0.705169960687656,0.475109931884125
178,0.785089605734767,0.705911938812831,0.50892147279244
179,0.6252329749103943,0.707911485246906,0.512519356390324
180,0.6649462365591398,0.707953040516658,0.525570916538658
181,0.1757706093189964,0.711604735929032,0.557112135176651
182,0.7422222222222222,0.721031711102645,0.570689382302285
183,0.92,0.732377727481943,0.622114229856165
184,0.7531182795698925,0.738911455470617,0.614899222641158
185,0.8064516129032258,0.745575315721552,0.650783099815358
186,0.8325448028673835,0.754358774075205,0.714291300097752
187,0.8791397849462366,0.759538637002495,0.714293162035098
188,0.890752688172043,0.762503446713142,0.733872674517836
189,0.9136917562724014,0.762487335024253,0.739864388896647
190,0.49806451612903224,0.760501849710771,0.735468975468975
191,0.7870967741935484,0.749331072054757,0.712709273999597
192,0.8903225806451613,0.741730929611972,0.710589768654285
193,0.7992831541218638,0.731334081648523,0.720127853031079
194,0.31641577060931897,0.719174602107256,0.728367546432062
195,0.7511111111111111,0.708068196926665,0.710282548992227
196,0.8497491039426524,0.69849106587763,0.718782913621623
197,0.8081720430107527,0.687176367395762,0.715436391565424
198,0.7405017921146954,0.680186000661911,0.720009309686729
199,0.7664516129032258,0.674896271969755,0.71535198373908
200,0.6359856630824373,0.670093663002869,0.725273627209111
201,0.03799283154121864,0.670083278633494,0.728870890161213
202,0.4410035842293907,0.672682263655985,0.778086859377182
203,0.9301792114695341,0.675853715567717,0.776620894040249
204,0.8414336917562724,0.683383948329652,0.758653198653199
205,0.7187096774193549,0.690535161023938,0.75570761377213
206,0.8437275985663082,0.696244262368496,0.74807491194588
207,0.5459498207885305,0.699759225343642,0.736829431022979
208,0.8778494623655914,0.705358151442794,0.721342456826328
209,0.7730465949820788,0.711348581855856,0.704290213967633
210,0.567741935483871,0.71692027102291,0.683654983009822
211,0.5311827956989247,0.723372503078646,0.700947415786126
212,0.9131182795698924,0.727071356896969,0.692509736380704
213,0.7726164874551972,0.728295663475363,0.674178342565439
214,0.9102508960573477,0.726619537770743,0.664603640087511
215,0.38810035842293905,0.720628149692458,0.699236295365328
216,0.7673118279569893,0.71737913125949,0.694421325389067
217,0.6342652329749104,0.71363995555995,0.679706434545144
218,0.8678136200716846,0.710628567414461,0.669029465158497
219,0.8798566308243727,0.702332808161333,0.665107604462443
220,0.8824372759856631,0.694389659969373,0.659328771586836
221,0.8580645161290322,0.680555037320039,0.666371859920247
222,0.20673835125448028,0.670959337470041,0.728508433024562
223,0.6398566308243727,0.659727667732641,0.754868500674952
224,0.7982795698924732,0.650289419335896,0.736187062638675
225,0.2658064516129032,0.638452956101423,0.723081506307313
226,0.6421505376344085,0.635837682369932,0.72080125370448
227,0.8342652329749104,0.632489305347586,0.707114772921224
228,0.7532616487455197,0.632056920594494,0.721396453009356
229,0.6385663082437276,0.632273578691187,0.704469580598613
230,0.6551971326164875,0.635303840611012,0.696560070753619
231,0.03526881720430108,0.642998879340024,0.705009542428897
232,0.7136917562724014,0.654853818888001,0.717572654346848
233,0.8473118279569892,0.67383879359673,0.695129482226256
234,0.7204301075268817,0.685181809004515,0.685233285233285
235,0.4488888888888889,0.690698282710827,0.660827631150212
236,0.8392831541218638,0.704576052017177,0.685843380036928
237,0.9019354838709678,0.712211148618895,0.676968145355242
238,0.7724731182795699,0.714458802470619,0.680786358205713
239,0.749820788530466,0.717856819680999,0.662862108023398
240,0.7192831541218638,0.719384897685954,0.64314791540598
241,0.884731182795699,0.717770540688685,0.623209049015501
242,0.9518279569892473,0.719871817225624,0.605891790407919
243,0.879426523297491,0.711759277632792,0.650698071343233
244,0.42379928315412185,0.70744281641227,0.65519465003336
245,0.056200716845878136,0.707595653254195,0.642076680786358
246,0.7488172043010752,0.71300002709624,0.679456314295024
247,0.7222939068100358,0.715975929681281,0.682969790066564
248,0.6043010752688172,0.721071919156876,0.668022777700197
249,0.9410752688172043,0.73051345696509,0.661252773510838
250,0.8832974910394266,0.739787724440716,0.665969060807771
251,0.7908243727598566,0.744027817091634,0.669760585889618
252,0.8301075268817204,0.745851763861723,0.733350090769446
253,0.5032258064516129,0.746281314722952,0.734353674998836
254,0.8962007168458781,0.742751764426168,0.723421620195814
255,0.9326164874551971,0.735004888463529,0.724942823007339
256,0.9172759856630824,0.726546043714485,0.753177240919176
257,0.7003584229390681,0.707730769909897,0.745319865319865
258,0.6725448028673835,0.689803446296259,0.730773790128629
259,0.8017204301075269,0.670770307000327,0.728123632639762
260,0.6804301075268817,0.649252356101925,0.727232385296901
261,0.2635125448028674,0.633342367286947,0.727144253595867
262,0.49405017921146954,0.621379421724011,0.710324132259616
263,0.7207168458781362,0.615318354368525,0.686403823178017
264,0.5782078853046595,0.611131431596692,0.667761485826002
265,0.2541935483870968,0.611353535907603,0.689805582708808
266,0.5429390681003584,0.616218084438267,0.747374823503856
267,0.5763440860215053,0.625779463053498,0.741232292200034
268,0.8283870967741935,0.638973914094791,0.737960247637667
269,0.646594982078853,0.650717960595681,0.745597914630173
270,0.6199283154121864,0.663369488287189,0.721229499294015
271,0.8683870967741936,0.676928460256549,0.702049062049062
272,0.7731899641577061,0.690896985636337,0.691198932489255
273,0.9191397849462366,0.700991714659492,0.67716302813077
274,0.33835125448028674,0.706362234550303,0.692129901162159
275,0.7803584229390681,0.710346766859486,0.67087030054772
276,0.7753405017921147,0.715969202237965,0.64561932690965
277,0.8172043010752689,0.718925594143981,0.621329733587798
278,0.7197132616487455,0.721928985090897,0.616843705875964
279,0.4904659498207885,0.723600576252906,0.614097968936679
280,0.774910394265233,0.724397470835258,0.599492932396158
281,0.833405017921147,0.719422356250164,0.596576517866841
282,0.7099641577060932,0.71338467751223,0.633494390913746
283,0.79584229390681,0.709312546016803,0.650760756567208
284,0.6754121863799283,0.700806687169345,0.647224937547518
285,0.5776344086021505,0.698886142494173,0.656641995996835
286,0.7027956989247311,0.691992508572967,0.697456903908517
287,0.8554838709677419,0.68134017560488,0.713375226923614
288,0.8917562724014337,0.674808950900426,0.727622150847957
289,0.8867383512544803,0.671057859967391,0.719208676628031
290,0.5440860215053763,0.666871265309377,0.726877996555416
291,0.05921146953405018,0.665312051685274,0.734544213253891
292,0.429247311827957,0.665098412099384,0.717722229980294
293,0.7042293906810035,0.669170551576255,0.709256000868904
294,0.5284587813620072,0.675595239982701,0.685830346475508
295,0.9138351254480287,0.684967204683151,0.717694921565889
296,0.9231541218637993,0.695141514909177,0.70999518999519
297,0.5346236559139785,0.703278966391986,0.701709568806343
298,0.9792114695340501,0.708804272640585,0.690319477416252
299,0.949247311827957,0.715349036991864,0.688785861689088
300,0.48,0.720440708040701,0.708047603531475
301,0.7984229390681004,0.726191186005558,0.701552545423513
302,0.6150537634408603,0.733016604535678,0.688794550730035
303,0.6503225806451612,0.733467549567038,0.687000263774457
304,0.7351971326164874,0.730972084597615,0.677136340362147
305,0.7634408602150538,0.723013867594509,0.678601685053298
306,0.7281720430107527,0.71595087662813,0.689607596704371
307,0.7046594982078853,0.700851871841077,0.689243277630374
308,0.6861648745519713,0.683697644643473,0.67426523297491
309,0.9321863799283154,0.658477201004199,0.656164719390526
310,0.8358422939068101,0.626802444849901,0.638300051203277
311,0.7204301075268817,0.595941326502546,0.652348989123183
312,0.6438709677419355,0.556555876010042,0.71300842526649
313,0.5567025089605735,0.51859232906046,0.740579993483219
314,0.5893906810035843,0.477718181194124,0.742656053623796
315,0.015197132616487455,0.440696655173197,0.758489348166767
316,0.7185663082437276,0.401185777324387,0.738443110056013
317,0.05792114695340502,0.370189494192477,0.713804093158932
318,0.00989247311827957,0.344501679369366,0.722214464149948
319,0.18365591397849462,0.326452417811961,0.68676379773154
320,0.036415770609319,0.314306089320506,0.650085493956462
321,0.334336917562724,0.31325177369184,0.655435460596751
322,0.2637992831541219,0.319090350001809,0.629523499200919
323,0.5539784946236559,0.333024930180923,0.620017067759003
324,0.3608602150537634,0.351374008690632,0.606051296373877
325,0.6622222222222223,0.37329515188417,0.584053747924716
326,0.00917562724014337,0.40388785507002,0.556223370416919
327,0.3972759856630824,0.430665657164233,0.530166798553895
328,0.2739784946236559,0.465978888938678,0.504383310834924
329,0.3711827956989247,0.501164657864442,0.478917593756303
330,0.4682437275985663,0.534080831973605,0.429077875529488
331,0.7614336917562724,0.568095063359715,0.387674595416531
332,0.6622222222222223,0.595824314782174,0.356511350059737
333,0.8455913978494624,0.621683433016963,0.333181275116759
334,0.7062365591397849,0.63626328946962,0.3184229390681
335,0.6996415770609319,0.650311985732566,0.301170227621841
336,0.7934050179211469,0.657393621536964,0.339485794969666
337,0.7595698924731182,0.660767030770198,0.314036214681376
338,0.7794982078853047,0.652837913604066,0.351768995639963
339,0.6648028673835126,0.643286405115186,0.396703129606355
340,0.6114695340501792,0.627837201688163,0.427692594144207
341,0.7066666666666667,0.611926215264893,0.474969045291626
342,0.537921146953405,0.594041406163873,0.496043072817266
343,0.6113261648745519,0.579368477221713,0.525034057937284
344,0.17863799283154122,0.566964058234189,0.52602026408478
345,0.5842293906810035,0.562155884867367,0.54552964359416
346,0.7048028673835125,0.56315386767091,0.537826808794551
347,0.3506810035842294,0.568665289127918,0.590970224518612
348,0.27770609318996414,0.580696798676568,0.608314170894816
349,0.5786379928315413,0.592911573869518,0.638185852379401
350,0.46408602150537637,0.613970784567674,0.659622957687474
351,0.7323297491039427,0.628747757670906,0.673379571444088
352,0.7344802867383513,0.647313778731274,0.660365870688451
353,0.7364874551971327,0.66311210068792,0.656692888950953
354,0.7653046594982079,0.668727217751299,0.636002420518549
355,0.912258064516129,0.676776518215653,0.628872441775668
356,0.9049462365591397,0.672822956204026,0.623230771617868
357,0.8084587813620072,0.658845119638412,0.609130320098062
358,0.825089605734767,0.644340161795367,0.598389424195876
359,0.3688888888888889,0.62315137514417,0.584059333736753
360,0.8927598566308244,0.592230252384228,0.581142919207435
361,0.06896057347670251,0.565774274007523,0.580726465887756
362,0.7505376344086021,0.539798783850012,0.571845645394032
363,0.5473835125448029,0.51548007211674,0.578346289314031
364,0.08716845878136201,0.496366111426311,0.575904668807895
365,0.6959139784946237,0.48019564747397,0.61503762665053
366,0.4838709677419355,0.471555659557234,0.616864187186768
367,0.18594982078853048,0.469341567521483,0.605483405483406
368,0.46910394265232974,0.472278867203242,0.626808173904948
369,0.2821505376344086,0.481721475157831,0.654786265108846
370,0.01763440860215054,0.496389052319581,0.652978323946066
371,0.6536200716845878,0.509035903602559,0.662404692082111
372,0.8434408602150537,0.528146414554993,0.647926267281106
373,0.6570609318996415,0.536769567711813,0.632917190336545
374,0.7346236559139785,0.547658397445774,0.61771757513693
375,0.497921146953405,0.552044699309904,0.598740709708452
376,0.7772043010752688,0.551872088135806,0.565819795497215
377,0.68659498207885306,0.548075957210426,0.532618349392543
378,0.47698924731182796,0.54639577302681,0.506753557076138
379,0.6394265232974911,0.540548707680662,0.478573135347329
380,0.4080286738351254,0.53574845677617,0.492034942357523
381,0.5099641577060932,0.532869739851241,0.456214991698863
382,0.4367025089605735,0.521812399571227,0.49687784139397
383,0.232831541218638,0.516761750364388,0.473337988176698
384,0.596415770609319,0.518732342251535,0.46847895234992
385,0.026953405017921147,0.522839949140175,0.505196977455042
386,0.7333333333333333,0.527919782910786,0.486736489317134
387,0.5218637992831541,0.532003904222405,0.487717109652593
388,0.8481720430107527,0.536480362768805,0.518648233486943
389,0.8153405017921147,0.536846616706719,0.525336933078869
390,0.6980645161290323,0.532653499581528,0.550821890176729
391,0.5509677419354839,0.531931671238175,0.602662570404506
392,0.09046594982078852,0.521842349296581,0.594248475538798
393,0.5700358422939068,0.51305030379239,0.567394373845987
394,0.7025089605734767,0.508306933916012,0.557680646712905
395,0.6295340501792115,0.49483769520158,0.540460829493088
396,0.3263082437275986,0.490349590852088,0.544016509177799
397,0.4771326164874552,0.485318118672659,0.520883799593477
398,0.48057347670250894,0.487383497429939,0.505096432838368
399,0.1207168458781362,0.489918069295849,0.506821828112151
400,0.23684587813620073,0.501877665526977,0.492037424940651
401,0.7660215053763441,0.515696172461803,0.499838942419588
402,0.19297491039426523,0.538245638906864,0.497001349904576
403,0.5921146953405018,0.568596820138075,0.501496687303139
404,0.9409318996415771,0.595789247779004,0.527591118558861
405,0.2999283154121864,0.623553967633963,0.519348942574749
406,0.6653763440860215,0.647526031361695,0.565639808220453
407,0.9459498207885305,0.672228727084309,0.548634734441186
408,0.8941935483870967,0.69525192196896,0.552465980853078
409,0.6265232974910394,0.711623046389518,0.525673323092678
410,0.9339068100358423,0.722966589167905,0.50237862495927
411,0.4418637992831541,0.729671154566275,0.488636286055641
412,0.8564874551971327,0.725058968749552,0.489588977330913
413,0.9648745519713262,0.715514312646844,0.536190786513367
414,0.8688172043010752,0.697861172798379,0.540488758553275
415,0.8597849462365591,0.673750163472324,0.533424568263278
416,0.4073118279569892,0.648987092882972,0.532032459774395
417,0.5402150537634408,0.618346232731155,0.559132337196853
418,0.902078853046595,0.586583105024006,0.574360502102438
419,0.5853763440860215,0.557000458916435,0.589729553600521
420,0.3263082437275986,0.531990353516469,0.638702850315754
421,0.6382795698924731,0.509750712730502,0.678856770469674
422,0.4488888888888889,0.496054498883592,0.669530946950302
423,0.013333333333333334,0.488379265038041,0.711522599264535
424,0.2678136200716846,0.48578195776922,0.715824915824916
425,0.400573476702509,0.492719438721276,0.686077363496718
426,0.21921146953405019,0.508489560493057,0.714253440705054
427,0.4206451612903226,0.53265530621094,0.708147527502366
428,0.7017921146953405,0.559660805277517,0.675477974832814
429,0.7472401433691757,0.584956134989079,0.646877375909634
430,0.7158422939068101,0.61285036274196,0.64299709848097
431,0.8248028673835125,0.636193780672029,0.61070055392636
432,0.6401433691756272,0.655545830070011,0.623993545283868
433,0.9201433691756272,0.66810389248704,0.599869043740011
434,0.607741935483871,0.679053013100123,0.564345141119335
435,0.6665232974910394,0.682617974358004,0.536677993452187
436,0.8154838709677419,0.67964858453545,0.509640180607923
437,0.705089605734767,0.669053167127371,0.525025368896337
438,0.7992831541218638,0.658154052172024,0.529449952675759
439,0.7118279569892473,0.638639359895357,0.500154230476811
440,0.6679569892473118,0.62114584270154,0.500007137426492
441,0.29118279569892475,0.604694675026649,0.523259631646729
442,0.6855913978494623,0.584613717573876,0.518355909323651
443,0.3377777777777778,0.569100007387513,0.530188521156263
444,0.5293189964157706,0.556516907619677,0.583850796754023
445,0.691899641577061,0.544762846007789,0.616214371053081
446,0.6371326164874552,0.531298764530072,0.637532933016804
447,0.17405017921146954,0.519240988800027,0.67514344675635
448,0.7759139784946236,0.511954924105425,0.695979766947509
449,0.29634408602150536,0.50674250984172,0.689502086921442
450,0.6408602150537634,0.499483296524407,0.678432248754829
451,0.6384229390681003,0.493177138707622,0.669881611817096
452,0.24530465949820787,0.493192342852477,0.648916817949076
453,0.47913978494623655,0.483438712837742,0.64404226597775
454,0.8166308243727599,0.483888641770876,0.61326506229732
455,0.3329032258064516,0.483405979579433,0.609698210988533
456,0.13949820788530465,0.484247751716786,0.59850610560288
457,0.37763440860215053,0.487778054861521,0.571876677683129
458,0.661505376344086,0.498086072834909,0.555094415739577
459,0.7813620071684588,0.498857814689853,0.52967152321991
460,0.3286021505376344,0.507881416984107,0.51054011699173
461,0.37706093189964157,0.515581522818174,0.494137690266723
462,0.6898924731182796,0.52463879373965,0.513713478874769
463,0.021648745519713262,0.533716954409176,0.494559729398439
464,0.7956989247311828,0.536946946615622,0.50900774255613
465,0.7171326164874552,0.540369111953877,0.506855963630157
466,0.7502508960573476,0.546854276810032,0.490176728886406
467,0.6807168458781362,0.552982934770486,0.478664990923055
468,0.7423655913978494,0.553964457710665,0.511711896228025
469,0.12974910394265232,0.553893995244863,0.487246660149886
470,0.49849462365591396,0.554052346912375,0.507253797576378
471,0.614336917562724,0.560365285660725,0.495826467439371
472,0.6431541218637993,0.568031354894134,0.484641189157318
473,0.34351254480286736,0.577153911702683,0.509619078651337
474,0.2160573476702509,0.595197563864515,0.512200344458409
475,0.7452329749103943,0.608731829175073,0.483791525081848
476,0.7374910394265233,0.625964677878275,0.501109404335211
477,0.7436559139784946,0.646614791344322,0.538624959270121
478,0.584516129032258,0.666241791009877,0.555387360548651
479,0.7377777777777778,0.687937330695052,0.546673493770268
480,0.6953405017921147,0.714050065014822,0.526691182175053
481,0.7417921146953405,0.733490110540169,0.549657558689817
482,0.7482437275985663,0.750878849384191,0.56982544337383
483,0.8724014336917563,0.760333599659194,0.562344179118373
484,0.8736917562724015,0.773810881346484,0.619300842526649
485,0.8150537634408602,0.784353294278377,0.605973095005353
486,0.7684587813620072,0.789138724898524,0.600009930332511
487,0.9075268817204301,0.792190462165542,0.591716861394281
488,0.6093189964157706,0.79452267368065,0.589435988145666
489,0.9075268817204301,0.79817583998684,0.582265667426958
490,0.9207168458781362,0.798412988072063,0.634211857437664
491,0.7843727598566308,0.796698887244007,0.653873295163618
492,0.8533333333333334,0.79822906153985,0.664038231780167
493,0.3065232974910394,0.801134205560331,0.670126146255179
494,0.8729749103942652,0.804555492393765,0.705746248972056
495,0.8169175627240144,0.808860055110181,0.755554314263992
496,0.9620071684587813,0.812724196424313,0.758193920774566
497,0.8693906810035842,0.815611802345861,0.762108333721237
498,0.8883154121863799,0.814245228040567,0.766088535120793
499,0.933763440860215,0.813154303203717,0.786047882822076
500,0.7320430107526882,0.810006220889105,0.792049527533399
501,0.5232974910394266,0.805392484841199,0.801164331486912
502,0.9286021505376344,0.799971070746956,0.806864962993995
503,0.9660215053763441,0.788498826086809,0.81292184517991
504,0.9772043010752688,0.783425132995734,0.808145355242129
505,0.9032258064516129,0.77002845503546,0.803379416282642
506,0.7187096774193549,0.753062215754151,0.803527129978743
507,0.6172043010752688,0.736064742167685,0.807255969836615
508,0.4440143369175627,0.724495314656674,0.796335707303449
509,0.4821505376344086,0.712687624972354,0.811974739716675
510,0.8342652329749104,0.695632297480778,0.800186814380363
511,0.8513261648745519,0.685745668870769,0.786899408834893
512,0.8166308243727599,0.678318031083552,0.786146565501404
513,0.4696774193548387,0.66977892248021,0.777463731012118
514,0.9155555555555556,0.662147212147864,0.821127403062887
515,0.6807168458781362,0.658734382976803,0.812463187947059
516,0.29863799283154124,0.650072779083145,0.806651460845009
517,0.5043727598566308,0.649431423627257,0.785668668249313
518,0.9129749103942653,0.648475278023822,0.773294232649071
519,0.7234408602150537,0.651223810019443,0.758485624292076
520,0.1374910394265233,0.653070105570981,0.736098310291859
521,0.7440860215053764,0.651117877599107,0.73210135145619
522,0.7680286738351254,0.651128826994689,0.748140700398765
523,0.8980645161290323,0.649528470970632,0.727201973653587
524,0.7664516129032258,0.653322521037657,0.701997548449161
525,0.9363440860215054,0.646137830732915,0.675599621406073
526,0.10623655913978494,0.642356711127294,0.652476842154261
527,0.7515412186379928,0.641912063039616,0.6462703843349
528,0.5248745519713262,0.638984527226703,0.648891992117799
529,0.7314695340501792,0.632087267639138,0.668502536889634
530,0.6422939068100358,0.629574191313203,0.685339415661996
531,0.537921146953405,0.63284511053259,0.668882992753961
532,0.7195698924731183,0.625271111258784,0.650305202563267
533,0.5281720430107527,0.615577995611536,0.633632794923118
534,0.8824372759856631,0.611557671865545,0.650288445127155
535,0.2421505376344086,0.607546678825915,0.623494546075191
536,0.56,0.602412682871837,0.617527036881876
537,0.7275985663082437,0.604662396033842,0.648150941054167
538,0.7508243727598566,0.60072627755883,0.661138574686962
539,0.6349820788530466,0.599991063596539,0.635777126099707
540,0.7721863799283154,0.599441997768995,0.62785706527642
541,0.7588530465949821,0.603158917575576,0.675895048798275
542,0.16444444444444445,0.611683094598428,0.666278763052957
543,0.03053763440860215,0.622949410149908,0.651293270648109
544,0.8020071684587814,0.63682732767454,0.624070505360828
545,0.6182078853046595,0.653499742221095,0.608170801719189
546,0.665663082437276,0.678277385095496,0.575654548557774
547,0.7653046594982079,0.701648395408977,0.621455724681531
548,0.7794982078853047,0.72424999917468,0.608713866778383
549,0.7981362007168459,0.746330831218433,0.617761020341666
550,0.829247311827957,0.768141623342687,0.60845009232106
551,0.8906093189964158,0.785893623110995,0.608320997998417
552,0.9314695340501792,0.80252654157066,0.619384009061428
553,0.9344802867383513,0.810636830811625,0.614863845831588
554,0.6064516129032258,0.819947706413036,0.628082359695263
555,0.8774193548387097,0.813533910436377,0.609073220686124
556,0.8487455197132616,0.807724152017824,0.650897919285016
557,0.8848745519713261,0.799631395229701,0.665233595556176
558,0.8636559139784946,0.785460371680231,0.664922031373644
559,0.8440143369175627,0.767398544806332,0.662902449999224
560,0.8640860215053764,0.750514234358161,0.67240577821223
561,0.8108960573476702,0.73516080402345,0.669603562506788
562,0.9472401433691756,0.720403891969463,0.668828996570932
563,0.0034408602150537634,0.705936615132755,0.72139459107201
564,0.7889605734767025,0.697511499342329,0.789416748126426
565,0.3627240143369176,0.696731736744317,0.785403652500427
566,0.7032258064516129,0.696775124977578,0.7984676255644
567,0.8643727598566309,0.700976937104085,0.808077704851899
568,0.5944086021505376,0.709424675636995,0.807889649179972
569,0.48415770609319,0.718135173144752,0.805132740616612
570,0.8177777777777778,0.728771089588308,0.800766497540691
571,0.9720430107526882,0.741878277538066,0.794190134835296
572,0.8731182795698925,0.754713842443868,0.781959689056463
573,0.6368458781362007,0.765413103002871,0.764739251190864
574,0.8947670250896057,0.776904280429271,0.747073189653835
575,0.9280286738351254,0.780783552398593,0.760620025136154
576,0.7843727598566308,0.787445049586146,0.749130630420953
577,0.7260215053763441,0.790451443610327,0.739716675200546
578,0.8183512544802868,0.790999648566417,0.726730282859315
579,0.5655913978494623,0.795437632361179,0.714382535027696
580,0.6900358422939068,0.791420242327772,0.703153811540908
581,0.9723297491039427,0.780457020185322,0.69056897702059
582,0.9304659498207886,0.774704846485877,0.68333721236947
583,0.9218637992831541,0.768412986056844,0.663600676503902
584,0.4474551971326165,0.763314660754068,0.731586215457183
585,0.801146953405018,0.755342880166076,0.728213626278142
586,0.891326164874552,0.746299389576805,0.765878136200717
587,0.952258064516129,0.740245491085498,0.773665999472451
588,0.8187813620071684,0.736403185395301,0.76660677434871
589,0.945663082437276,0.727376684370748,0.785610327545811
590,0.07139784946236559,0.727219695965257,0.812849850269205
591,0.013620071684587814,0.72864040235577,0.806279073375848
592,0.9479569892473119,0.731589411935124,0.785579915902496
593,0.8593548387096774,0.736870033796921,0.773814333814334
594,0.9076702508960574,0.741769176535727,0.784700460829493
595,0.9330465949820789,0.752475447652607,0.772304923272665
596,0.8230824372759856,0.756591177010008,0.756431286753867
597,0.9234408602150538,0.760153083431618,0.754219305187047
598,0.9202867383512545,0.761860352685262,0.758152958152958
599,0.2678136200716846,0.76244077323527,0.751309717761331
600,0.8361290322580646,0.76034757219161,0.768615804744837
601,0.8422939068100358,0.757703143791122,0.775267886235628
602,0.9075268817204301,0.750325774026781,0.755976353395708
603,0.7744802867383512,0.733670564978313,0.739815357879874
604,0.5730465949820789,0.719699359508221,0.722926344861829
605,0.8110394265232975,0.704174079549671,0.750739344287731
606,0.6027240143369176,0.689826722578006,0.745539573926671
607,0.7915412186379929,0.678420989512535,0.731709723967788
608,0.7893906810035842,0.667278273681842,0.711635556796847
609,0.7172759856630825,0.658965843976708,0.703256218094928
610,0.7274551971326165,0.652394664862803,0.682397554655619
611,0.1971326164874552,0.650061321108441,0.741561855110242
612,0.2527598566308244,0.653004687664417,0.80701391798166
613,0.5079569892473118,0.659628630039582,0.785621499169886
614,0.7905376344086021,0.668936241469831,0.77198591134075
615,0.7046594982078853,0.684149136241962,0.753079178885631
616,0.8427240143369176,0.698764076732812,0.731474499216435
617,0.9392114695340502,0.712310673358818,0.720369284240252
618,0.8401433691756273,0.72630370237972,0.699779981070304
619,0.8131899641577061,0.739054510212522,0.679013793852504
620,0.18982078853046594,0.744772975800001,0.717225713354746
621,0.9753405017921147,0.750803013442502,0.704375242439759
622,0.985663082437276,0.756757523558115,0.691584974165619
623,0.887168458781362,0.759074475476915,0.672776303744046
624,0.6335483870967742,0.752395225719457,0.6654526835172
625,0.8513261648745519,0.745552753361539,0.677645890549116
626,0.8405734767025089,0.74022018326075,0.668331238653819
627,0.5161290322580645,0.733192014310206,0.677579481450449
628,0.8748387096774194,0.725309956471441,0.670023119055377
629,0.8361290322580646,0.720766999185945,0.662864590606526
630,0.2906093189964158,0.713108063457949,0.660414901705224
631,0.7400716845878136,0.716682437860922,0.657094446771866
632,0.6477419354838709,0.713963144012741,0.703935825226148
633,0.7784946236559139,0.712035401255394,0.747996089931574
634,0.42566308243727596,0.71080345247628,0.768500364629397
635,0.9030824372759857,0.706792194467485,0.763802696705923
636,0.9829390681003585,0.69685971957359,0.76811680553616
637,0.8453046594982079,0.686248130099817,0.759890766342379
638,0.6946236559139785,0.675851634713565,0.741834318608512
639,0.7740501792114696,0.662111133304335,0.732497944110847
640,0.2861648745519713,0.647835849582508,0.723330385265869
641,0.8944802867383512,0.630422292876039,0.773883225496129
642,0.7931182795698924,0.614273653408698,0.752236341913761
643,0.6291039426523297,0.60158568609454,0.728107495849431
644,0.5175627240143369,0.592863956653982,0.711332681655262
645,0.15125448028673835,0.591822646285802,0.715526385203805
646,0.12458781362007168,0.594053934801349,0.696776055485733
647,0.46623655913978496,0.603420882342064,0.677382736737575
648,0.6172043010752688,0.618879960521419,0.687921922760633
649,0.9172759856630824,0.640234184850431,0.666034849260656
650,0.9027956989247312,0.660124376451546,0.647955437632857
651,0.21663082437275985,0.685766227085736,0.679148473987184
652,0.8744086021505376,0.704336287120261,0.670062840385421
653,0.8460215053763441,0.720733647805503,0.67022917345498
654,0.9086738351254481,0.732017223136897,0.659072444878896
655,0.8141935483870968,0.742459856107828,0.6816732610281
656,0.9387813620071684,0.749314808015544,0.661026858446213
657,0.9485304659498208,0.751637540609778,0.632971807165356
658,0.7548387096774194,0.748063720239173,0.617037347359928
659,0.7610035842293906,0.741343767730283,0.615088519604649
660,0.4397132616487455,0.734039976654061,0.60447175285885
661,0.6673835125448029,0.730520721034228,0.639858492761719
662,0.6791397849462366,0.734479098336439,0.619011621592267
663,0.6187813620071685,0.735553277063437,0.606624773076386
664,0.4362724014336918,0.741135547726765,0.608313550249034
665,0.8722580645161291,0.750777106531816,0.621677915871464
666,0.7574193548387097,0.761316463435235,0.670967121289702
667,0.8467383512544803,0.770721943809521,0.725806761935794
668,0.891326164874552,0.78128322404799,0.751427640459899
669,0.792831541218638,0.79111542920588,0.764084469890921
670,0.8920430107526882,0.798583517625952,0.749352821610886
671,0.9545519713261649,0.80274880041079,0.736161616161616
672,0.8149103942652329,0.80394944922399,0.787938990519636
673,0.8196415770609319,0.802603150397741,0.779681298390976
674,0.8303942652329749,0.800248553046986,0.773936601033375
675,0.9248745519713262,0.795453199968238,0.762566370308306
676,0.6619354838709678,0.786143052331797,0.759126130739034
677,0.6011469534050179,0.779244363662158,0.742898105478751
678,0.7888172043010753,0.772920268206585,0.725092398640786
679,0.7136917562724014,0.76885038279237,0.724716907942714
680,0.7839426523297491,0.766048516667767,0.723880277428665
681,0.558853046594982,0.76463754268968,0.752767614703099
682,0.9029390681003584,0.762311790194368,0.761977377461248
683,0.8980645161290323,0.76372622873105,0.771066114291921
684,0.9085304659498208,0.762886679538145,0.786896305605983
685,0.6318279569892473,0.763441501556346,0.820164781455104
686,0.6490322580645161,0.763629283204736,0.812831851541529
687,0.740931899641577,0.765900631225366,0.815867430060978
688,0.7753405017921147,0.768762021611316,0.810474018215954
689,0.8756989247311828,0.766015519692365,0.800959518378873
690,0.7405017921146954,0.767633681025448,0.800172539527378
691,0.8395698924731183,0.767470274826817,0.790139179816599
692,0.6622222222222223,0.771050828753913,0.773157690577045
693,0.8573476702508961,0.772151704166941,0.769054601312666
694,0.6028673835125448,0.765491556678318,0.763582988099117
695,0.7987096774193548,0.765318750356943,0.756996695061211
696,0.8305376344086022,0.763678207056101,0.741412900122578
697,0.8110394265232975,0.762224224134573,0.750378128442645
698,0.8636559139784946,0.760532182986774,0.766005989231796
699,0.4924731182795699,0.756713100113709,0.763290043290043
700,0.9327598566308244,0.753109870658668,0.768352030287514
701,0.7700358422939068,0.751538037834326,0.766967369548015
702,0.9400716845878136,0.749926200047608,0.787695697373117
703,0.906236559139785,0.751992665346504,0.777157752641624
704,0.06637992831541219,0.75483323183666,0.763462582817422
705,0.8987813620071684,0.761752128701859,0.74877375909634
706,0.5539784946236559,0.769722426790922,0.758902698257537
707,0.7797849462365591,0.779281866565811,0.768033639001381
708,0.9251612903225807,0.791435445042876,0.769607596704371
709,0.7587096774193548,0.804193900422765,0.767981504755698
710,0.8756989247311828,0.818297256158061,0.757231919812565
711,0.8959139784946236,0.828030313022226,0.759445763316731
712,0.8672401433691757,0.83714250720088,0.752773200515136
713,0.9198566308243727,0.842719048056272,0.763338453661034
714,0.9380645161290323,0.845685398495867,0.756514453288647
715,0.8570609318996416,0.852212836380836,0.7739254294093
716,0.89691756272401435,0.847005822759039,0.773957702989961
717,0.8230824372759856,0.843901685318497,0.771064252354575
718,0.8828673835125448,0.838495741487121,0.770254309609148
719,0.869820788530466,0.830504929768256,0.764687737590963
720,0.715268817204301,0.826113177993103,0.793829539635991
721,0.8236559139784946,0.82122479784877,0.782472963118124
722,0.7688888888888888,0.818214784335866,0.785904513646449
723,0.7992831541218638,0.817720617445546,0.773268786172012
724,0.7512544802867384,0.814388672975653,0.763038061102577
725,0.7681720430107527,0.814027658477807,0.832195999937935
726,0.7039426523297491,0.811180577926895,0.824837623547301
727,0.8331182795698925,0.810132580761089,0.850033359710779
728,0.9488172043010753,0.800183292623905,0.855432978013623
729,0.8061648745519713,0.791101398288668,0.847101429036913
730,0.974910394265233,0.779770765101622,0.854837778708746
731,0.8924731182795699,0.765571450804842,0.852011357817809
732,0.9058064516129032,0.744714396929181,0.847390029325513
733,0.9048028673835126,0.718467511910082,0.845538022312216
734,0.4749820788530466,0.692405095801604,0.836976834396189
735,0.7321863799283154,0.667205930292888,0.825869136836879
736,0.3968458781362007,0.644545165355302,0.820133128520225
737,0.7630107526881721,0.625431495388428,0.810194106968301
738,0.022222222222222223,0.607846561434887,0.80350044221012
739,0.6511827956989247,0.595521861438929,0.790368818755915
740,0.7634408602150538,0.58397339656326,0.777962730220795
741,0.6843010752688172,0.571800555450584,0.779472761408245
742,0.45763440860215054,0.57006993914773,0.769544911480395
743,0.21448028673835126,0.5703714233337,0.76219584477649
744,0.5597132616487456,0.574217697163781,0.75104656394979
745,0.6691039426523298,0.583349869713263,0.743907896165961
746,0.813763440860215,0.591149480994405,0.735428633493149
747,0.800573476702509,0.602986223563951,0.733206721593818
748,0.6392831541218638,0.613668255671363,0.718402457757296
749,0.7579928315412187,0.630961680151955,0.692254030318546
750,0.20559139784946237,0.643313176627664,0.676474111312821
751,0.03483870967741935,0.651922347609582,0.641284116122826
752,0.8279569892473119,0.668068892881626,0.613309128147838
753,0.749820788530466,0.687591944560755,0.583446756349982
754,0.8894623655913978,0.706540968748994,0.553609210383404
755,0.8960573476702509,0.721142938220751,0.564669118217505
756,0.8820071684587814,0.733331226067721,0.552995391705069
757,0.8612186379928315,0.73967328774718,0.573817437043243
758,0.8987813620071684,0.74761533391484,0.56193951806855
759,0.7372043010752688,0.751280421182201,0.620501171468913
760,0.676989247311828,0.752575487882429,0.621996307157598
761,0.2210752688172043,0.757328233752062,0.610938261260842
762,0.8934767025089606,0.762759945182756,0.607980263464135
763,0.9653046594982079,0.758938353272853,0.627826032987323
764,0.7757706093189964,0.751824467883276,0.672206550916228
765,0.8295340501792114,0.745785065210666,0.686370308305792
766,0.8285304659498208,0.738988167593579,0.691279616440907
767,0.552258064516129,0.730879615209948,0.681906003196326
768,0.9380645161290323,0.719347198371097,0.674326676907322
769,0.5488172043010753,0.700801930322983,0.681018479728157
770,0.6794265232974911,0.684844084094823,0.676578379804186
771,0.7724731182795699,0.667289386431985,0.724810625455787
772,0.9291756272401434,0.646880058175184,0.792437431147109
773,0.72415770609319,0.623597740055437,0.787513227513227
774,0.2927598566308244,0.601417258910228,0.787713696100793
775,0.6351254480286739,0.583297329218547,0.774118450247482
776,0.6074551971326165,0.564900193614296,0.758674300609784
777,0.5644444444444444,0.552207172700002,0.743132709584323
778,0.37691756272401433,0.547322427141243,0.727384443513476
779,0.01060931899641577,0.542024275437644,0.704376483731323
780,0.5478136200716845,0.543092270347617,0.695237474592313
781,0.619068100358423,0.542981602711129,0.691321820354079
782,0.24831541218637992,0.547089796697016,0.728970814132104
783,0.8131899641577061,0.552661410448767,0.705144843209359
784,0.8248028673835125,0.56171457190776,0.674180825148567
785,0.796415770609319,0.571772208097869,0.660536548278484
786,0.4843010752688172,0.573445766232133,0.640510170832752
787,0.68,0.573810870149518,0.619932039286878
788,0.7422222222222222,0.570835425499944,0.625291936259678
789,0.5073835125448029,0.568488230903299,0.593714099520551
790,0.3634408602150538,0.571726282647852,0.596719887042468
791,0.13921146953405017,0.570698012806183,0.585513506803829
792,0.5579928315412186,0.571232974764172,0.564919859113407
793,0.734336917562724,0.577362268637985,0.529237071172555
794,0.8623655913978494,0.579250424083766,0.51279057859703
795,0.6982078853046595,0.586474276027048,0.537317258607581
796,0.39010752688172046,0.597322015764548,0.529659110304272
797,0.47799283154121863,0.612979395858843,0.523955996214061
798,0.3291756272401434,0.624215895180925,0.52114447082189
799,0.4759856630824373,0.630175483254922,0.535809710003258
800,0.8947670250896057,0.637385785693085,0.587603221151608
801,0.8672401433691757,0.64481985081065,0.591942776458905
802,0.8170609318996416,0.651795378477603,0.590661763564989
803,0.7955555555555556,0.65005546890572,0.625454545454545
804,0.5911111111111111,0.644385505508372,0.607933715030489
805,0.8048745519713262,0.636179737998479,0.58927089636767
806,0.7991397849462366,0.628863265453823,0.573200515135999
807,0.7657347670250896,0.617986925966642,0.586722524787041
808,0.3813620071684588,0.610600853062129,0.581160917935111
809,0,0.598492312513958,0.566729662213533
810,0.28372759856630825,0.593617740651542,0.572679172679173
811,0.6346953405017921,0.589813552215607,0.592888640630576
812,0.8490322580645161,0.590149404273021,0.636555415910255
813,0.7205734767025089,0.589949574288064,0.642854970596906
814,0.7465232974910394,0.594862402900462,0.633175999627612
815,0.7463799283154122,0.602129753894022,0.611355955872085
816,0.7331899641577061,0.611406617029455,0.604610777514003
817,0.15971326164874552,0.622495530376429,0.624877344877345
818,0.6848745519713262,0.636472871606514,0.638049930953157
819,0,0.653358284246539,0.663326351068287
820,0.8610752688172043,0.675579935798103,0.676923458858943
821,0.9723297491039427,0.69675366362039,0.652785303107884
822,0.9105376344086021,0.716117749555299,0.631337026175736
823,0.48559139784946237,0.734985926951843,0.613015562692982
824,0.8253763440860215,0.756318665877958,0.59677822774597
825,0.7161290322580646,0.77626919315983,0.599667954506664
826,0.9595698924731183,0.793843244778379,0.583794317987866
827,0.8703942652329749,0.807776295559139,0.568750484879517
828,0.8818637992831542,0.826326730016389,0.557246194665549
829,0.6652329749103942,0.836692456075044,0.5819137612686
830,0.8722580645161291,0.848006991061898,0.645026610187901
831,0.974910394265233,0.848288839078652,0.685338174370432
832,0.9413620071684587,0.847207706815674,0.695071141522754
833,0.9040860215053763,0.847184501782968,0.685557262331456
834,0.9483870967741935,0.84750732892965,0.688707660320564
835,0.8496057347670251,0.844786164664426,0.689945228009744
836,0.7363440860215054,0.841440561510328,0.69115238405561
837,0.6024372759856631,0.830494716303723,0.692992598799051
838,0.9502508960573477,0.824872708753515,0.750389300066719
839,0.9046594982078853,0.81670980615771,0.760995515834226
840,0.7210035842293907,0.811895828826448,0.836984282145573
841,0.7260215053763441,0.803931538297031,0.834108830237862
842,0.8401433691756273,0.792730771501209,0.820547099256777
843,0.9954121863799283,0.782248988041211,0.812970255550901
844,0.7858064516129032,0.771866263875022,0.84532452016323
845,0.9260215053763441,0.759362180053375,0.847224937547518
846,0.7731899641577061,0.746212196712827,0.859303945755559
847,0.2752688172043011,0.73600610646173,0.846289624354141
848,0.8513261648745519,0.7277523111081,0.841299632267374
849,0.6118996415770609,0.717396523720398,0.83409827925957
850,0.8497491039426524,0.710280208726755,0.847389408679731
851,0.7552688172043011,0.707432410820863,0.841353628450403
852,0.5544086021505377,0.706502000524757,0.824165464165464
853,0.6847311827956989,0.708523482211457,0.808916197303294
854,0.7258781362007168,0.712198521022493,0.796284193703549
855,0.5981362007168459,0.714268263330362,0.77810858197955
856,0.520573476702509,0.720862366112752,0.767488712004841
857,0.7909677419354839,0.724401207805652,0.76740182159537
858,0.8398566308243728,0.732816673846916,0.78051606696768
859,0.7925448028673835,0.732998105405228,0.761328181973343
860,0.8336917562724014,0.734267310663965,0.745977749848718
861,0.8490322580645161,0.729801286432771,0.747877546587224
862,0.7972759856630824,0.723072819128185,0.74962962962963
863,0.909247311827957,0.718232230112633,0.741306149048084
864,0.854336917562724,0.710745054126449,0.718256605998541
865,0.2703942652329749,0.701640524229263,0.712030908159941
866,0.832831541218638,0.697334533268066,0.692654967493677
867,0.34982078853046594,0.695367607743306,0.685340036307778
868,0.6752688172043011,0.687848970803811,0.725022265667427
869,0.6153405017921147,0.684979457987252,0.711314062281804
870,0.7554121863799284,0.686845136550192,0.719993172896399
871,0.64415770609319,0.689730454147822,0.706159599062825
872,0.5956989247311828,0.693462860899102,0.70022436345017
873,0.8705376344086021,0.696966038564824,0.713917671337026
874,0.8242293906810035,0.693575278107437,0.716367360238328
875,0.676415770609319,0.692551280878468,0.714862294217133
876,0.9413620071684587,0.691946269863797,0.726455957423699
877,0.8576344086021506,0.686016860871696,0.746559915592174
878,0.2675268817204301,0.682194472546249,0.739816599171438
879,0.6040143369175627,0.674156756007999,0.727607875994973
880,0.8104659498207886,0.668484554982741,0.719777808810067
881,0.7419354838709677,0.66233662422188,0.707809896196993
882,0.7260215053763441,0.660038126062812,0.693914878431008
883,0.6455913978494624,0.660056726957638,0.684068333100591
884,0.18695340501792115,0.662384432143863,0.660915762851247
885,0.6735483870967742,0.669015317886765,0.641972412294993
886,0.5134050179211469,0.680277565248996,0.677166752005462
887,0.8012903225806451,0.688713947026663,0.661093888190662
888,0.7373476702508961,0.701533115161607,0.690608698350634
889,0.7265949820788531,0.720031169733044,0.690759515275644
890,0.8726881720430107,0.731482970206844,0.697472420053065
891,0.7726164874551972,0.739675061929284,0.691526012816335
892,0.8192114695340502,0.748318518129826,0.69645145774178
893,0.7298924731182795,0.746486275522862,0.7063631708793
894,0.8672401433691757,0.746017070105842,0.691275271920433
895,0.8410035842293907,0.746253866329546,0.680469828856926
896,0.8358422939068101,0.734365365220295,0.68379214572763
897,0.5306093189964157,0.718523894415108,0.66125029092771
898,0.7797849462365591,0.702076134344999,0.645983025337864
899,0.8518996415770609,0.684161707153968,0.686891650762618
900,0.5967025089605735,0.659168751055573,0.697178854598209
901,0.6494623655913978,0.637789656955143,0.688000744774938
902,0.8457347670250897,0.619006112370411,0.685502024856864
903,0.07985663082437276,0.602528929572684,0.681652779717296
904,0.6789964157706093,0.588786848258977,0.685259973001909
905,0.7767741935483871,0.579073638956947,0.733114866018092
906,0.37376344086021507,0.575298681571404,0.735436081242533
907,0.232831541218638,0.577621860680752,0.7511011807786
908,0.7631541218637993,0.588028672621779,0.740429797203991
909,0.6404301075268817,0.601162196913054,0.735151825474406
910,0.04229390681003584,0.613650834024586,0.72788902853419
911,0.7002150537634408,0.636150420205474,0.706598395630654
912,0.7602867383512545,0.6563401508424,0.694351813061491
913,0.8130465949820789,0.671328649488528,0.67784263526199
914,0.6903225806451613,0.686696319739584,0.669282067991745
915,0.8289605734767025,0.696764113623871,0.648069636456733
916,0.8781362007168458,0.70235640851473,0.629403093919223
917,0.9037992831541218,0.70373632714326,0.611499945693494
918,0.8838709677419355,0.703434596146611,0.622874520939037
919,0.8467383512544803,0.695348756151942,0.61188660801564
920,0.37519713261648746,0.682922558202551,0.592279166472715
921,0.9296057347670251,0.676199637280412,0.597312603764217
922,0.5717562724014337,0.664481360051198,0.597213300439107
923,0.30164874551971327,0.655869962889451,0.576915700786669
924,0.1214336917562724,0.650429027350871,0.626423373520148
925,0.7780645161290323,0.648028415781891,0.621892659312014
926,0.8326881720430107,0.650406035422484,0.608715108069947
927,0.5589964157706093,0.655964607587819,0.632976772331611
928,0.8711111111111111,0.664233436012027,0.672813542490962
929,0.876415770609319,0.672843140862102,0.664929479123028
930,0.44989247311827957,0.683508505283522,0.667377306086983
931,0.6838709677419355,0.699113595867884,0.726978541172089
932,0.7201433691756273,0.708327837985434,0.726855032661484
933,0.7579928315412187,0.71690975730307,0.721260531583112
934,0.7126881720430107,0.721630668777352,0.710435227854583
935,0.5410752688172042,0.729934450637408,0.710120560443141
936,0.8480286738351255,0.730961898898465,0.697284985026921
937,0.8620788530465949,0.730928425273778,0.679909385715837
938,0.8718279569892473,0.731057118377285,0.660062374901085
939,0.6990681003584229,0.729071532620383,0.641227016710888
940,0.8087455197132617,0.726281272055277,0.625602879796428
941,0.9069534050179211,0.72438084613091,0.655148101599715
942,0.7607168458781361,0.721799426512766,0.633561420658195
943,0.4260931899641577,0.720767726649014,0.643875932908191
944,0.13333333333333333,0.713682582880039,0.678017036726714
945,0.8106093189964158,0.70936087226761,0.731524771524772
946,0.8675268817204301,0.709500898243593,0.725726077984142
947,0.869820788530466,0.703526693112274,0.715122344799764
948,0.7592831541218638,0.697777522240945,0.730266722524787
949,0.931326164874552,0.692134341958801,0.71729770826545
950,0.8110394265232975,0.689138788252582,0.703563437756986
951,0.5466666666666666,0.680786573472118,0.729022948377787
952,0.7405017921146954,0.675761329754182,0.733456841843939
953,0.8027240143369175,0.673580615176479,0.734950736241059
954,0.11627240143369176,0.677269727729433,0.730225759903179
955,0.46050179211469533,0.68279623053285,0.728527673043802
956,0.8338351254480286,0.688731252865319,0.743698117891666
957,0.5243010752688172,0.696920007290666,0.72956228956229
958,0.6713978494623656,0.705869110711377,0.713323713323713
959,0.7956989247311828,0.718477112694255,0.695869291998324
960,0.9787813620071685,0.731067734062599,0.695331192105386
961,0.5482437275985663,0.745869493886364,0.683694704339866
962,0.9482437275985663,0.757525335769575,0.663308972986392
963,0.8789964157706093,0.767525255433096,0.656729507052088
964,0.9300358422939068,0.773831857480997,0.682751943397105
965,0.6302508960573476,0.777245839084467,0.737540070443296
966,0.9794982078853046,0.776586573463822,0.731488774069419
967,0.7575627240143369,0.77148713384051,0.719787118496796
968,0.5144086021505376,0.765293963835555,0.706338345048023
969,0.6850179211469534,0.758480227602558,0.702616952939534
970,0.8192114695340502,0.741723769684013,0.682769942124781
971,0.9766308243727598,0.719711385136588,0.674574935220096
972,0.6104659498207885,0.707067979781021,0.690690002948067
973,0.9376344086021505,0.688391708848347,0.690037083585471
974,0.813763440860215,0.669700787783696,0.683775388291517
975,0.2745519713261649,0.649850537839225,0.740603578022933
976,0.6828673835125448,0.635465455319014,0.767100808391131
977,0.7693189964157706,0.622333686653732,0.759379354218064
978,0.5264516129032258,0.615823981969097,0.779806668838927
979,0.7870967741935484,0.615809632562743,0.787362410588217
980,0.023082437275985662,0.617617190710375,0.780273394466943
981,0.0012903225806451613,0.621664442864646,0.752308957470248
982,0.9171326164874551,0.631822321955853,0.765081227016711
983,0.7624372759856631,0.644477906903498,0.740685503266148
984,0.7144086021505376,0.660023553085915,0.721872488324101
985,0.6147670250896058,0.670870089222265,0.697054725441822
986,0.8202150537634408,0.688428528514035,0.700312495151205
987,0.9706093189964158,0.696668364016981,0.671782029201384
988,0.941505376344086,0.698251210759084,0.664223804868966
989,0.8576344086021506,0.697708057335035,0.68025632670794
990,0.6478853046594982,0.692715019915568,0.680618163198808
991,0.4711111111111111,0.686487080427563,0.6672736582414
992,0.7697491039426523,0.67982018669738,0.638722710980775
993,0.3753405017921147,0.665022951706032,0.642441620506137
994,0.897347670250896,0.652348620263095,0.616243541404832
995,0.305089605734767,0.635739401038489,0.599104408136666
996,0.8903225806451613,0.627826556679358,0.633650173005012
997,0.6784229390681004,0.620826100067661,0.631057114928083
998,0.4749820788530466,0.609536249414165,0.619330633524182
999,0.5294623655913978,0.603345445298477,0.629696038728297
1000,0.7234408602150537,0.600507511422463,0.616090862542475
1001,0.2996415770609319,0.600695933401411,0.673138760880696
1002,0.7174193548387097,0.602890655351403,0.735267886235628
1003,0.7683154121863799,0.604212285326668,0.713494390913746
1004,0.6480286738351254,0.608072159402567,0.705288833030769
1005,0.10566308243727598,0.611187916172136,0.698814256233611
1006,0.890179211469534,0.622093597887404,0.70259026517091
1007,0.8934767025089606,0.629441342513109,0.688006330586976
1008,0.3003584229390681,0.640951235365925,0.656848671042219
1009,0.6430107526881721,0.655951372624865,0.627044639947866
1010,0.7108243727598567,0.673076773298275,0.604229701003895
1011,0.6785663082437275,0.688363587011171,0.600615680615681
1012,0.6481720430107527,0.70733334788896,0.613838538999829
1013,0.7237275985663082,0.724213519536461,0.599713261648745
1014,0.5317562724014336,0.742099562342428,0.622120436313985
1015,0.8473118279569892,0.757057584008379,0.596855808468712
1016,0.9311827956989247,0.776426985145064,0.628143182981893
1017,0.9003584229390681,0.785858301396498,0.606271004980682
1018,0.8660931899641577,0.795033084053844,0.604474856087759
1019,0.8629390681003585,0.806267705991192,0.622852798336669
1020,0.9647311827956989,0.809137874225833,0.638162267839687
1021,0.7439426523297491,0.804174889298218,0.635926081087371
1022,0.672831541218638,0.801007731812072,0.673832642864901
1023,0.8414336917562724,0.795647691631708,0.674296265264007
1024,0.9194265232974911,0.788976876642156,0.670787134012941
1025,0.5624372759856631,0.774941907707709,0.67784263526199
1026,0.843010752688172,0.756257537580012,0.737396080621887
1027,0.8022939068100359,0.737771130575919,0.725249422023616
1028,0.931326164874552,0.715680596466837,0.7129668419991
1029,0.8574910394265233,0.693762039679082,0.757015935080451
1030,0.6387096774193548,0.673701507973034,0.769896196992971
1031,0.232831541218638,0.652575113614602,0.774542351316545
1032,0.7700358422939068,0.637027053554778,0.782517028968642
1033,0.7430824372759857,0.615741043284461,0.79366568914956
1034,0.8422939068100358,0.599567409495407,0.798458936523453
1035,0.11655913978494624,0.588507620226653,0.81890673245512
1036,0.2960573476702509,0.577352167369237,0.808281276668373
1037,0.6202150537634409,0.572996049540256,0.788685006749523
1038,0.385089605734767,0.567163166163165,0.769660351595835
1039,0.5766308243727598,0.566150955288846,0.752497633787956
1040,0.8411469534050179,0.569770339200131,0.735527316172477
1041,0.7280286738351255,0.577483116108428,0.708278483762355
1042,0.9109677419354839,0.590353168567459,0.701824388276001
1043,0.05433691756272401,0.60067913996024,0.699157473351022
1044,0.6073118279569892,0.614986501897934,0.680149575633447
1045,0.8055913978494623,0.632324938495882,0.653558627752176
1046,0.12401433691756272,0.658762059412246,0.657523313007184
1047,0.8725448028673836,0.684329229454323,0.636109171593043
1048,0.33734767025089607,0.710311666022794,0.616383807351549
1049,0.7663082437275985,0.739370608651644,0.584213874536455
1050,0.9175627240143369,0.768273510862659,0.559016276435631
1051,0.9237275985663083,0.793135250187475,0.554941736877221
1052,0.9554121863799283,0.818142238511828,0.590893264441651
1053,0.9668817204301076,0.838899043432852,0.578860184021474
1054,0.9751971326164874,0.862430496120588,0.570282238669335
1055,0.9584229390681004,0.876220876852949,0.553187791897469
1056,0.9118279569892473,0.885276942771775,0.605511955189375
1057,0.7918279569892474,0.887139497580476,0.643664292696551
1058,0.9005017921146954,0.876124707582375,0.653561110335304
1059,0.8346953405017921,0.870682525980714,0.686779313876088
1060,0.9753405017921147,0.856022088668144,0.704310695278437
1061,0.8291039426523298,0.839009157649587,0.697743021613989
1062,0.9251612903225807,0.82089214972376,0.702312215860603
1063,0.9303225806451613,0.800475109616477,0.690334372915018
1064,0.8926164874551972,0.779749517680643,0.759860975344846
1065,0.9175627240143369,0.760276568306023,0.780460208847306
1066,0.936057347670251,0.74559522837688,0.783598814566557
1067,0.05290322580645161,0.735188011358529,0.848391130971776
1068,0.12774193548387097,0.731485128498097,0.841910968362581
1069,0.7988530465949821,0.732722007646422,0.886082949308756
1070,0.6742652329749104,0.740338092907321,0.890860059892318
1071,0.8658064516129033,0.751936724722319,0.881662710049807
1072,0.9171326164874551,0.769715524907599,0.871876367360238
1073,0.7817921146953405,0.788418216662059,0.85845800555478
1074,0.7571326164874552,0.807851096010721,0.843088954056696
1075,0.7678853046594982,0.825643084542019,0.826066502195534
1076,0.9595698924731183,0.842951354887211,0.810573942186846
1077,0.9025089605734767,0.857351740133493,0.799276947664045
1078,0.9595698924731183,0.875385466110796,0.7996151996152
1079,0.9690322580645161,0.88617288159394,0.790370680693261
1080,0.9554121863799283,0.882123378293661,0.787631150211796
1081,0.9390681003584229,0.871706444783285,0.771948672593834
1082,0.992831541218638,0.859893841841109,0.770269205107915
1083,0.8731182795698925,0.844811781016,0.759631957051312
1084,0.8203584229390681,0.819662566984276,0.74804946546882
1085,0.6787096774193548,0.796610553622359,0.738968797033313
1086,0.8725448028673836,0.771987226078419,0.727425406135084
1087,0.8562007168458782,0.745184399688091,0.71385498611305
1088,0.8893189964157706,0.712342475257374,0.784192151934087
1089,0.8048745519713262,0.679820095065686,0.850657108721625
1090,0.37663082437275985,0.652613603452955,0.854284162671259
1091,0.14781362007168458,0.63140300663884,0.866958370184177
1092,0.7396415770609319,0.614197586526128,0.861673571350991
1093,0.7868100358422939,0.599843897888022,0.851158590513429
1094,0.025519713261648747,0.593279595174823,0.849673385157256
1095,0.7360573476702509,0.592944869956576,0.850338717435492
1096,0.8134767025089605,0.593270598919898,0.850223897965833
1097,0.8031541218637993,0.598976314196586,0.832006082328663
1098,0.10551971326164875,0.607627646114254,0.815525454235132
1099,0.2612186379928315,0.619270770269602,0.790834303092368
1100,0.7108243727598567,0.63383768716698,0.764165153842573
1101,0.9640143369175628,0.648956762217107,0.738771431674657
1102,0.8544802867383513,0.666582796969403,0.714497354497355
1103,0.6594982078853047,0.676128589084405,0.683892690344303
1104,0.8219354838709677,0.685111805823898,0.66394947943335
1105,0.8530465949820788,0.700539550005645,0.648944126363481
1106,0.3326164874551971,0.708568160605908,0.645317693059628
1107,0.7525448028673836,0.716900623655296,0.623550404195566
1108,0.6801433691756272,0.723651158047929,0.60250678831324
1109,0.7697491039426523,0.736863422856107,0.577934801160608
1110,0.8285304659498208,0.748699063329922,0.561141988238762
1111,0.5327598566308244,0.753637268033419,0.583956306536952
1112,0.8451612903225807,0.760786319837429,0.630591009945849
1113,0.7101075268817204,0.769390438971114,0.62329531877919
1114,0.7839426523297491,0.780255042115955,0.611699172989496
1115,0.9349103942652329,0.787614907554875,0.673247994538317
1116,0.930752688172043,0.785768979808934,0.671045322658226
1117,0.9311827956989247,0.790282492334397,0.662314077797949
1118,0.6541935483870968,0.790615636442875,0.653876398392527
1119,0.7512544802867384,0.789876814429509,0.711655417461869
1120,0.854910394265233,0.784687496517613,0.757850083011373
1121,0.5429390681003584,0.780924417833292,0.762444723735046
1122,0.9478136200716846,0.769441031098736,0.743951962016478
1123,0.8890322580645161,0.752724247071825,0.73556641685674
1124,0.9568458781362007,0.739233493487567,0.746193734580831
1125,0.7985663082437277,0.722165976883676,0.741952861952862
1126,0.07354838709677419,0.703068090952884,0.731509255380223
1127,0.7178494623655914,0.681798747874747,0.770045151980636
1128,0.963010752688172,0.655765502134063,0.771316855187823
1129,0.9068100358422939,0.63059892663375,0.780151747893683
1130,0.6531899641577061,0.602380020318647,0.780336079690918
1131,0.9416487455197132,0.579109944655885,0.775666340827631
1132,0.007598566308243728,0.556049690999349,0.79561141367593
1133,0.13806451612903226,0.533482037827272,0.784095331192106
1134,0.6312544802867384,0.515838608405397,0.784515508386476
1135,0.5148387096774194,0.504672069620018,0.777058449316514
1136,0.5998566308243728,0.493658480481552,0.754426600878214
1137,0.48129032258064514,0.496765919069651,0.730227001194743
1138,0.16200716845878135,0.497476728649663,0.702658536206923
1139,0.27698924731182795,0.501900469043562,0.698637992831541
1140,0.29089605734767027,0.505458890590737,0.683800834768577
1141,0.9323297491039426,0.515570719118783,0.659875560520722
1142,0.49476702508960574,0.525984294819338,0.664102778941489
1143,0.6929032258064516,0.542429111309089,0.630419711710034
1144,0.6890322580645162,0.547915256438911,0.601214603795249
1145,0.8498924731182795,0.554345038277633,0.565381619575168
1146,0.1525448028673835,0.552003908313638,0.54114105727009
1147,0.654336917562724,0.552288542733047,0.585325451131903
1148,0.6010035842293907,0.546820920029374,0.570431193657
1149,0.6941935483870968,0.548765728099284,0.532085835311642
1150,0.1724731182795699,0.549303563272624,0.495670685348105
1151,0.5555555555555556,0.545965207788151,0.481889245760214
1152,0.7967025089605735,0.540375971236357,0.441256807708421
1153,0.6553405017921147,0.544743615813349,0.488342099955003
1154,0.04272401433691756,0.550092893258647,0.523154121863799
1155,0.9442293906810035,0.560542992783828,0.514485562227498
1156,0.07655913978494623,0.567540790721835,0.514502940309392
1157,0.7316129032258064,0.587969541118082,0.507361789942435
1158,0.2040143369175627,0.604314444354478,0.509799065928098
1159,0.9296057347670251,0.621798499738024,0.544585020714053
1160,0.883584229390681,0.641399544476881,0.571544011544011
1161,0.41734767025089603,0.666458335371793,0.597786156495834
1162,0.6202150537634409,0.684543968947176,0.564365001784357
1163,0.9324731182795699,0.702343249634436,0.572617108100979
1164,0.8450179211469534,0.717341663321679,0.563515337708886
1165,0.9397849462365592,0.735845965312566,0.555850982947757
1166,0.3363440860215054,0.745522343510343,0.531339819081755
1167,0.9243010752688172,0.759471324290955,0.573564834209996
1168,0.7525448028673836,0.768187885777999,0.570597526726559
1169,0.6458781362007169,0.778843845590397,0.572672966221353
1170,0.8732616487455197,0.78317039308265,0.567051777374358
1171,0.9670250896057347,0.78707981095846,0.612299337460628
1172,0.6980645161290323,0.790769539487138,0.623338143338143
1173,0.9624372759856631,0.794442394327171,0.61317196543003
1174,0.6222222222222222,0.79583805182347,0.615713509907058
1175,0.745663082437276,0.795769447575181,0.676990488603392
1176,0.8837275985663082,0.788309915150817,0.65605052056665
1177,0.7025089605734767,0.788460203574646,0.716699405731664
1178,0.9810752688172043,0.78116781215797,0.71887787242626
1179,0.7942652329749104,0.771512931606969,0.771575043833108
1180,0.8914695340501793,0.764461161272684,0.758144269112011
1181,0.7524014336917563,0.755161823670707,0.748329376716473
1182,0.4470250896057348,0.745814958890081,0.781028099737777
1183,0.8769892473118279,0.739140274840292,0.796395909944297
1184,0.9503942652329749,0.732634558200367,0.783454204099365
1185,0.7103942652329749,0.732121835464618,0.777880184331797
1186,0.18939068100358422,0.730735923867513,0.76044252044252
1187,0.7774910394265233,0.733621814265166,0.799772843643811
1188,0.7569892473118279,0.741414718469749,0.784928237831464
1189,0.5033691756272402,0.744995190531617,0.784619156232059
1190,0.8853046594982079,0.75140373264586,0.795043522785458
1191,0.895483870967742,0.758205053249244,0.784892861021893
1192,0.8778494623655914,0.765909887754784,0.765832208412854
1193,0.7825089605734767,0.774125017522454,0.771588077394529
1194,0.8612186379928315,0.773356532092282,0.752871883194464
1195,0.896774193548387,0.77200209723941,0.766272866918028
1196,0.6563440860215054,0.767271445184753,0.76806529193626
1197,0.9247311827956989,0.764148534029469,0.757483902000031
1198,0.9165591397849462,0.753266835127016,0.764303557851945
1199,0.48401433691756274,0.743181663845445,0.743647224937547
1200,0.5526881720430108,0.734772005695145,0.738927834411705
1201,0.7412186379928315,0.725481793411333,0.724721252463188
1202,0.8193548387096774,0.717391571831705,0.723447066672873
1203,0.8283870967741935,0.713027297748488,0.75158528448851
1204,0.5690322580645162,0.710769952428614,0.739302704463995
1205,0.8108960573476702,0.705410625032567,0.719743052646278
1206,0.48186379928315415,0.704455512227199,0.721012273270338
1207,0.5855197132616488,0.699148206346974,0.771360300392558
1208,0.6249462365591398,0.689687507016469,0.767584291455259
1209,0.7753405017921147,0.685033016703769,0.765751524461202
1210,0.748673835125448,0.681170684523362,0.788037052553181
1211,0.9298924731182796,0.67244472323364,0.77579419385871
1212,0.810752688172043,0.662661127664153,0.762259150646247
1213,0.9060931899641577,0.650919606936696,0.750449502707567
1214,0.743225806451613,0.639112747032181,0.747137116169374
1215,0.3017921146953405,0.628257080276481,0.734247544570125
1216,0.6896057347670251,0.620549459619693,0.717228816583655
1217,0.012043010752688172,0.610844749468711,0.719278188955608
1218,0.11340501792114695,0.610732977979625,0.693416499868113
1219,0.8514695340501792,0.610871399057232,0.668015950596596
1220,0.7505376344086021,0.613392176625619,0.683091436639824
1221,0.6378494623655914,0.62071057798273,0.692292510357026
1222,0.9248745519713262,0.627324780779114,0.685149498052724
1223,0.807741935483871,0.63054152886626,0.670852922465826
1224,0.7208602150537634,0.631324304426329,0.655269748172974
1225,0.4572043010752688,0.6356874299345,0.662780182780183
1226,0.7891039426523297,0.637416970172743,0.648208661111887
1227,0.0017204301075268817,0.636965614112831,0.661470620180298
1228,0.933763440860215,0.64204160470341,0.666816862945895
1229,0.6173476702508961,0.643314820491999,0.668545982094369
1230,0.7253046594982079,0.635582895276493,0.656386289934677
1231,0.9396415770609319,0.633217486323654,0.647477540380766
1232,0.8017204301075269,0.63171394940507,0.621539511862093
1233,0.29089605734767027,0.62874099327308,0.604181911278686
1234,0.3188530465949821,0.629771401691542,0.57561482722773
1235,0.7496774193548387,0.626020823314772,0.56188179801083
1236,0.33648745519713263,0.626494171573328,0.588429300687365
1237,0.7736200716845878,0.621480758061635,0.580084718149234
1238,0.880573476702509,0.624990054637356,0.637096619032103
1239,0.7392114695340501,0.619880106978386,0.687602910828717
1240,0.48,0.616191551692544,0.669404335210787
1241,0.8205017921146953,0.603835668071959,0.660684261974585
1242,0.6474551971326165,0.593498943975903,0.662250151282409
1243,0.6100358422939068,0.585489933639529,0.636359912488945
1244,0.7318996415770609,0.576146274790559,0.620789771757514
1245,0.08688172043010753,0.570004692465792,0.61037347359928
1246,0.457921146953405,0.562788924005401,0.623928998122547
1247,0.3419354838709677,0.563320423381512,0.605376033763131
1248,0.7526881720430108,0.556484467665745,0.661654331331751
1249,0.8417204301075268,0.558350973213343,0.632802991512669
1250,0.6832974910394265,0.566048928523819,0.63300221880867
1251,0.04243727598566308,0.579345292347275,0.620431038495555
1252,0.6460215053763441,0.593256406306174,0.58710360129715
1253,0.7369175627240143,0.612624583447624,0.566033918291983
1254,0.1978494623655914,0.632071342447578,0.591000015516145
1255,0.7113978494623656,0.655529387178083,0.615123896414219
1256,0.8222222222222222,0.682414548618542,0.600395972008875
1257,0.9341935483870968,0.707503744482022,0.62581824388276
1258,0.2712544802867384,0.733104657574398,0.609326444165154
1259,0.963010752688172,0.754588963679377,0.58346847895235
1260,0.9684587813620071,0.772782127160598,0.571454017905631
1261,0.9172759856630824,0.791671894120738,0.584897205542367
1262,0.9025089605734767,0.813389850072385,0.567740694192307
1263,0.9037992831541218,0.822119583470427,0.567425406135084
1264,0.5995698924731183,0.824550739376894,0.57046657046657
1265,0.9458064516129032,0.833232740162474,0.563355211097147
1266,0.6460215053763441,0.828435942160757,0.617302363108815
1267,0.9215770609318996,0.822873845264682,0.639525826622601
1268,0.9353405017921147,0.809121286609734,0.674862294217133
1269,0.9729032258064516,0.795680290620833,0.673810920262533
1270,0.7994265232974911,0.771000014244114,0.664482614160034
1271,0.9294623655913978,0.745234774775307,0.670622042234945
1272,0.9611469534050179,0.717938234011431,0.738998588030846
1273,0.5298924731182796,0.683159443011496,0.752001117162407
1274,0.33017921146953405,0.651962998072329,0.754979596269919
1275,0.9333333333333333,0.617503692398509,0.810148179180437
1276,0.374336917562724,0.580030614443214,0.817171406848826
1277,0.7513978494623655,0.548858254149691,0.81381309252277
1278,0.309247311827957,0.515650295861897,0.79757017176372
1279,0.28516129032258064,0.489095334487102,0.841654641654642
1280,0.32344086021505375,0.469869128547446,0.82008347685767
1281,0.5870967741935483,0.456000241820184,0.796366118946764
1282,0.6368458781362007,0.44671673118196,0.776087759313566
1283,0.08716845878136201,0.442985400578274,0.753622243944825
1284,0.6738351254480287,0.446401837049925,0.730043910689072
1285,0.11240143369175627,0.450518535726797,0.732013840400937
1286,0.19412186379928315,0.459152001822103,0.699253673447222
1287,0.47985663082437274,0.475019477032151,0.693027354962839
1288,0.30121863799283155,0.492627934936289,0.659064997129513
1289,0.6627956989247312,0.509845668004103,0.622671569768344
1290,0.9182795698924732,0.530081403581156,0.582626883272045
1291,0.6890322580645162,NA,0.557874908842651
1292,0.6754121863799283,NA,0.520201709879129
1293,0.6232258064516129,NA,0.478185231733619
1294,0.42594982078853044,NA,0.474923738149545
1295,0.03612903225806452,NA,0.488545051125696
1296,0.8002867383512545,NA,0.446758211919502
1297,0.6741218637992832,NA,0.457086999022483
1298,0.9750537634408603,NA,0.434105727008953
1299,0.3939784946236559,NA,0.451686760073857
1300,0.8298207885304659,NA,0.473815264783007
