<?xml version="1.0"?>
<!--<!DOCTYPE metadata SYSTEM "http://www.esri.com/metadata/esriprof80.dtd">-->
<metadata xml:lang="en"><Esri><CreaDate>20050608</CreaDate><CreaTime>11254800</CreaTime><SyncOnce>TRUE</SyncOnce><MetaID>{8D60A555-1373-42E5-B343-5C3D817ABDF8}</MetaID></Esri><idinfo><citation><citeinfo><onlink Sync="TRUE">\\JACK\C$\JackArg\arcview\TreeRanges\AAEMPTYCopy</onlink></citeinfo></citation></idinfo><distInfo><distributor><distorTran><onLineSrc><linkage Sync="TRUE">file://\\JACK\C$\JackArg\arcview\TreeRanges\AAEMPTYCopy</linkage><protocol Sync="TRUE">Local Area Network</protocol></onLineSrc></distorTran></distributor></distInfo><dataqual><lineage><procstep><procdesc Sync="TRUE">Dataset copied.</procdesc><srcused Sync="TRUE">C:\JackArg\arcview\TreeRanges\abielasi</srcused><date Sync="TRUE">20050608</date><time Sync="TRUE">10502900</time></procstep><procstep><procdesc Sync="TRUE">Dataset copied.</procdesc><srcused Sync="TRUE">C:\JackArg\arcview\TreeRanges\abieWESTjunk</srcused><date Sync="TRUE">20050608</date><time Sync="TRUE">11153200</time></procstep><procstep><procdesc Sync="TRUE">Dataset copied.</procdesc><srcused Sync="TRUE">C:\JackArg\arcview\TreeRanges\abieWEST</srcused><date Sync="TRUE">20050608</date><time Sync="TRUE">11180900</time></procstep><procstep><procdesc Sync="TRUE">Dataset copied.</procdesc><srcused Sync="TRUE">C:\JackArg\arcview\TreeRanges\AAEMPTY</srcused><date Sync="TRUE">20050608</date><time Sync="TRUE">11254800</time></procstep></lineage></dataqual></metadata>
