"date","site.id","site.name","elev","long","lat","value","se.fit","df","residual.scale","modern","anom"
-3350,10000,"Bear Lake",2778,-112.147175,36.371125,10.9093671494429,0.894146510327983,NA,NA,16.2237048759651,-5.31433772652228
-3350,246,"Beef Pasture",3060,-108.160375,37.473105,13.4755121445463,9.04633519471915,NA,NA,14.5692096134051,-1.09369746885883
-3350,2957,"Como Lake",3523,-105.514165,37.569525,10.4028076825221,0.866321747679736,NA,NA,9.55612818064036,0.846679501881784
-3350,504,"Crane Lake",2590,-112.148895,36.52986,12.2590898008916,0.433348888711417,NA,NA,16.989092583515,-4.73000278262343
-3350,13683,"Purple Lake",3226,-111.57115,38.07438,11.2563087992617,0.413193014721719,NA,NA,12.5737202900019,-1.31741149074012
-3250,10000,"Bear Lake",2778,-112.147175,36.371125,11.1736631399553,0.7631062556265,NA,NA,16.2237048759651,-5.0500417360098
-3250,246,"Beef Pasture",3060,-108.160375,37.473105,13.8229897658598,1.48507198666555,NA,NA,14.5692096134051,-0.74621984754531
-3250,2957,"Como Lake",3523,-105.514165,37.569525,10.3852380021266,0.787702965098591,NA,NA,9.55612818064036,0.829109821486268
-3250,504,"Crane Lake",2590,-112.148895,36.52986,12.2250448260976,0.390042518665453,NA,NA,16.989092583515,-4.76404775741742
-3250,11617,"Cumbres Bog",3100,-106.45052,37.021745,19.8894719143618,2.32912270041477,NA,NA,13.566567650834,6.32290426352779
-3250,1906,"Potato Lake",2205,-111.345278,34.462222,16.3985893483793,0.327989531299225,NA,NA,20.0492682311326,-3.65067888275329
-3250,13683,"Purple Lake",3226,-111.57115,38.07438,11.0694654442388,0.4036686540827,NA,NA,12.5737202900019,-1.50425484576311
-3150,10000,"Bear Lake",2778,-112.147175,36.371125,11.4189858602017,0.733785417467043,NA,NA,16.2237048759651,-4.80471901576344
-3150,246,"Beef Pasture",3060,-108.160375,37.473105,13.8880481225823,3.90067877173028,NA,NA,14.5692096134051,-0.681161490822836
-3150,2957,"Como Lake",3523,-105.514165,37.569525,10.3764575015573,0.763041956369671,NA,NA,9.55612818064036,0.820329320916992
-3150,504,"Crane Lake",2590,-112.148895,36.52986,12.1939861887566,0.363385337105191,NA,NA,16.989092583515,-4.79510639475848
-3150,11617,"Cumbres Bog",3100,-106.45052,37.021745,16.3069584887202,2.86045101675123,NA,NA,13.566567650834,2.74039083788622
-3150,982,"Hay Lake",2780,-109.425,34,19.8867828159759,0.611235873708495,NA,NA,14.5992815863824,5.28750122959356
-3150,23930,"Hermit Lake",3450,-105.63166,38.08806,10.6224133652842,0.54443937448945,NA,NA,9.66606600072523,0.956347364559019
-3150,1705,"Molas Lake",3200,-107.682735,37.74759,10.0968289089734,0.362206824287004,NA,NA,11.890517896094,-1.79368898712061
-3150,1906,"Potato Lake",2205,-111.345278,34.462222,16.3518276748072,0.678077647965531,NA,NA,20.0492682311326,-3.69744055632544
-3150,13683,"Purple Lake",3226,-111.57115,38.07438,10.9889771442682,0.400498472980773,NA,NA,12.5737202900019,-1.58474314573368
-3050,10000,"Bear Lake",2778,-112.147175,36.371125,11.6333108310253,0.757911486649034,NA,NA,16.2237048759651,-4.59039404493986
-3050,246,"Beef Pasture",3060,-108.160375,37.473105,14.3325170877811,2.02153632834389,NA,NA,14.5692096134051,-0.236692525624028
-3050,2957,"Como Lake",3523,-105.514165,37.569525,10.3816362865944,0.773289924862441,NA,NA,9.55612818064036,0.825508105954073
-3050,504,"Crane Lake",2590,-112.148895,36.52986,12.1682469650035,0.349030532285439,NA,NA,16.989092583515,-4.82084561851151
-3050,11617,"Cumbres Bog",3100,-106.45052,37.021745,13.2675256164184,3.30315459826971,NA,NA,13.566567650834,-0.299042034415564
-3050,982,"Hay Lake",2780,-109.425,34,19.8449267742112,0.600606140535337,NA,NA,14.5992815863824,5.24564518782878
-3050,23930,"Hermit Lake",3450,-105.63166,38.08806,10.9631103844459,0.733995451204157,NA,NA,9.66606600072523,1.29704438372067
-3050,1705,"Molas Lake",3200,-107.682735,37.74759,10.1284291188433,0.602673807465418,NA,NA,11.890517896094,-1.76208877725068
-3050,1906,"Potato Lake",2205,-111.345278,34.462222,16.3092722333248,0.998433759518792,NA,NA,20.0492682311326,-3.73999599780785
-3050,13683,"Purple Lake",3226,-111.57115,38.07438,11.0413754696629,0.407125926190132,NA,NA,12.5737202900019,-1.53234482033894
-3050,1661,"Mayberry Well",2080,-108.3,33.7,11.0625,NA,NA,NA,19.6111029270045,-8.54860292700454
-2950,10000,"Bear Lake",2778,-112.147175,36.371125,11.8105521260037,0.787158083551324,NA,NA,16.2237048759651,-4.41315274996147
-2950,246,"Beef Pasture",3060,-108.160375,37.473105,15.4733342264626,3.50750613577755,NA,NA,14.5692096134051,0.904124613057499
-2950,2957,"Como Lake",3523,-105.514165,37.569525,10.4057776542915,0.807082653367983,NA,NA,9.55612818064036,0.84964947365116
-2950,504,"Crane Lake",2590,-112.148895,36.52986,12.1501602309736,0.343066344553054,NA,NA,16.989092583515,-4.83893235254141
-2950,11617,"Cumbres Bog",3100,-106.45052,37.021745,11.3613731308904,2.61609794436674,NA,NA,13.566567650834,-2.20519451994357
-2950,982,"Hay Lake",2780,-109.425,34,19.8036602806374,0.636887023160927,NA,NA,14.5992815863824,5.20437869425506
-2950,23930,"Hermit Lake",3450,-105.63166,38.08806,11.2404843236834,0.831575928483023,NA,NA,9.66606600072523,1.57441832295815
-2950,1705,"Molas Lake",3200,-107.682735,37.74759,10.181889427648,0.742563692632217,NA,NA,11.890517896094,-1.70862846844598
-2950,1906,"Potato Lake",2205,-111.345278,34.462222,16.2743151465847,1.19822789084836,NA,NA,20.0492682311326,-3.77495308454789
-2950,13683,"Purple Lake",3226,-111.57115,38.07438,11.1786464333845,0.409045678295205,NA,NA,12.5737202900019,-1.39507385661738
-2850,10000,"Bear Lake",2778,-112.147175,36.371125,11.9459013814664,0.807120320709261,NA,NA,16.2237048759651,-4.27780349449871
-2850,246,"Beef Pasture",3060,-108.160375,37.473105,13.7278769817905,1.26712866330606,NA,NA,14.5692096134051,-0.841332631614597
-2850,2957,"Como Lake",3523,-105.514165,37.569525,10.4498619585342,0.851364412032434,NA,NA,9.55612818064036,0.893733777893873
-2850,504,"Crane Lake",2590,-112.148895,36.52986,12.142059062802,0.342882366776352,NA,NA,16.989092583515,-4.84703352071308
-2850,11617,"Cumbres Bog",3100,-106.45052,37.021745,11.1662271117687,2.06991339797657,NA,NA,13.566567650834,-2.40034053906523
-2850,982,"Hay Lake",2780,-109.425,34,19.7635242051549,0.692909828070168,NA,NA,14.5992815863824,5.16424261877257
-2850,23930,"Hermit Lake",3450,-105.63166,38.08806,11.3864539270943,0.602806323245431,NA,NA,9.66606600072523,1.72038792636903
-2850,1705,"Molas Lake",3200,-107.682735,37.74759,10.2745591202622,0.701060442948003,NA,NA,11.890517896094,-1.61595877583176
-2850,1906,"Potato Lake",2205,-111.345278,34.462222,16.2503485372377,1.27348045669787,NA,NA,20.0492682311326,-3.79891969389494
-2850,13683,"Purple Lake",3226,-111.57115,38.07438,11.3317680049358,0.40057359625205,NA,NA,12.5737202900019,-1.24195228506611
-2750,10000,"Bear Lake",2778,-112.147175,36.371125,12.0354074014758,0.829418024468092,NA,NA,16.2237048759651,-4.18829747448931
-2750,246,"Beef Pasture",3060,-108.160375,37.473105,12.908313757225,5.15966505987207,NA,NA,14.5692096134051,-1.66089585618005
-2750,2957,"Como Lake",3523,-105.514165,37.569525,10.5107402797388,0.890338346148534,NA,NA,9.55612818064036,0.954612099098396
-2750,504,"Crane Lake",2590,-112.148895,36.52986,12.1462467177927,0.347132537953482,NA,NA,16.989092583515,-4.84284586572238
-2750,11617,"Cumbres Bog",3100,-106.45052,37.021745,12.5432110729711,2.19491045843083,NA,NA,13.566567650834,-1.02335657786284
-2750,982,"Hay Lake",2780,-109.425,34,19.7250594176637,0.749582774425962,NA,NA,14.5992815863824,5.12577783128132
-2750,23930,"Hermit Lake",3450,-105.63166,38.08806,11.3359290502743,0.589053805420279,NA,NA,9.66606600072523,1.66986304954904
-2750,1705,"Molas Lake",3200,-107.682735,37.74759,10.4237874815526,0.516168676050486,NA,NA,11.890517896094,-1.46673041454139
-2750,1906,"Potato Lake",2205,-111.345278,34.462222,16.2407645279388,1.23057439587353,NA,NA,20.0492682311326,-3.80850370319377
-2750,13683,"Purple Lake",3226,-111.57115,38.07438,11.4324920370291,0.39637591412845,NA,NA,12.5737202900019,-1.14122825297274
-2650,10000,"Bear Lake",2778,-112.147175,36.371125,12.0865362344789,0.847711745210673,NA,NA,16.2237048759651,-4.13716864148621
-2650,246,"Beef Pasture",3060,-108.160375,37.473105,13.0639728498837,4.86061990276816,NA,NA,14.5692096134051,-1.50523676352137
-2650,2957,"Como Lake",3523,-105.514165,37.569525,10.5850756189973,0.914934892127694,NA,NA,9.55612818064036,1.02894743835697
-2650,504,"Crane Lake",2590,-112.148895,36.52986,12.1646292744159,0.353482727029913,NA,NA,16.989092583515,-4.82446330909909
-2650,11617,"Cumbres Bog",3100,-106.45052,37.021745,14.2623002989576,2.05710595610898,NA,NA,13.566567650834,0.695732648123645
-2650,982,"Hay Lake",2780,-109.425,34,19.6888067880638,0.796330677101833,NA,NA,14.5992815863824,5.08952520168145
-2650,23930,"Hermit Lake",3450,-105.63166,38.08806,11.0960503596332,0.828782039759376,NA,NA,9.66606600072523,1.42998435890797
-2650,1705,"Molas Lake",3200,-107.682735,37.74759,10.6469237963918,0.348843579917474,NA,NA,11.890517896094,-1.24359409970215
-2650,1906,"Potato Lake",2205,-111.345278,34.462222,16.2489552413393,1.08050563201277,NA,NA,20.0492682311326,-3.80031298979334
-2650,13683,"Purple Lake",3226,-111.57115,38.07438,11.4445611211448,0.400721990458766,NA,NA,12.5737202900019,-1.12915916885702
-2550,10000,"Bear Lake",2778,-112.147175,36.371125,12.1148740357521,0.844533441643817,NA,NA,16.2237048759651,-4.10883084021306
-2550,246,"Beef Pasture",3060,-108.160375,37.473105,13.0523288029809,0.749441272571417,NA,NA,14.5692096134051,-1.51688081042416
-2550,2957,"Como Lake",3523,-105.514165,37.569525,10.6695309774022,0.922150119616547,NA,NA,9.55612818064036,1.11340279676185
-2550,504,"Crane Lake",2590,-112.148895,36.52986,12.1988303318982,0.359169106526075,NA,NA,16.989092583515,-4.79026225161686
-2550,11617,"Cumbres Bog",3100,-106.45052,37.021745,15.2792193168905,2.66970532188463,NA,NA,13.566567650834,1.71265166605654
-2550,982,"Hay Lake",2780,-109.425,34,19.6553071862554,0.827961705976157,NA,NA,14.5992815863824,5.05602559987304
-2550,23930,"Hermit Lake",3450,-105.63166,38.08806,10.7480984630252,0.810718312422323,NA,NA,9.66606600072523,1.08203246230002
-2550,1705,"Molas Lake",3200,-107.682735,37.74759,10.9504394524852,0.484608907581222,NA,NA,11.890517896094,-0.940078443608787
-2550,1906,"Potato Lake",2205,-111.345278,34.462222,16.2783128000927,0.839804755885234,NA,NA,20.0492682311326,-3.77095543103991
-2550,13683,"Purple Lake",3226,-111.57115,38.07438,11.3743839224179,0.39806427005509,NA,NA,12.5737202900019,-1.19933636758394
-2450,10000,"Bear Lake",2778,-112.147175,36.371125,12.1361806003967,0.818491805118377,NA,NA,16.2237048759651,-4.08752427556844
-2450,246,"Beef Pasture",3060,-108.160375,37.473105,12.4455330027448,8.62820543724796,NA,NA,14.5692096134051,-2.12367661066035
-2450,2957,"Como Lake",3523,-105.514165,37.569525,10.7607693560456,0.91402926868091,NA,NA,9.55612818064036,1.20464117540526
-2450,504,"Crane Lake",2590,-112.148895,36.52986,12.2504674489483,0.362575329345799,NA,NA,16.989092583515,-4.73862513456673
-2450,11617,"Cumbres Bog",3100,-106.45052,37.021745,15.6263442678366,2.78385605363346,NA,NA,13.566567650834,2.05977661700266
-2450,982,"Hay Lake",2780,-109.425,34,19.6251014821385,0.84234977605954,NA,NA,14.5992815863824,5.02581989575616
-2450,23930,"Hermit Lake",3450,-105.63166,38.08806,10.3767308795695,0.559697143215045,NA,NA,9.66606600072523,0.710664878844288
-2450,1705,"Molas Lake",3200,-107.682735,37.74759,11.2946029981896,0.646597259093903,NA,NA,11.890517896094,-0.595914897904404
-2450,1906,"Potato Lake",2205,-111.345278,34.462222,16.3322293268507,0.540041622731579,NA,NA,20.0492682311326,-3.71703890428193
-2450,13683,"Purple Lake",3226,-111.57115,38.07438,11.2313349036173,0.390411213590151,NA,NA,12.5737202900019,-1.34238538638458
-2350,10000,"Bear Lake",2778,-112.147175,36.371125,12.166215723513,0.787319080807015,NA,NA,16.2237048759651,-4.05748915245211
-2350,246,"Beef Pasture",3060,-108.160375,37.473105,12.1767171577283,0.736743747985356,NA,NA,14.5692096134051,-2.39249245567676
-2350,2957,"Como Lake",3523,-105.514165,37.569525,10.8554537560198,0.89716464584472,NA,NA,9.55612818064036,1.29932557537942
-2350,504,"Crane Lake",2590,-112.148895,36.52986,12.3211581842753,0.363223473768862,NA,NA,16.989092583515,-4.66793439923974
-2350,11617,"Cumbres Bog",3100,-106.45052,37.021745,15.5972587741779,2.19569590590718,NA,NA,13.566567650834,2.03069112334392
-2350,982,"Hay Lake",2780,-109.425,34,19.5987305456133,0.839216244297082,NA,NA,14.5992815863824,4.99944895923092
-2350,23930,"Hermit Lake",3450,-105.63166,38.08806,10.0697998787252,0.53441603850499,NA,NA,9.66606600072523,0.403733877999951
-2350,1705,"Molas Lake",3200,-107.682735,37.74759,11.6274183606235,0.676985963337907,NA,NA,11.890517896094,-0.263099535470463
-2350,1906,"Potato Lake",2205,-111.345278,34.462222,16.4140969442657,0.309016433878139,NA,NA,20.0492682311326,-3.63517128686695
-2350,13683,"Purple Lake",3226,-111.57115,38.07438,11.029588075145,0.392709890443124,NA,NA,12.5737202900019,-1.54413221485684
-2250,10000,"Bear Lake",2778,-112.147175,36.371125,12.2214452500404,0.777482174836773,NA,NA,16.2237048759651,-4.00225962592472
-2250,246,"Beef Pasture",3060,-108.160375,37.473105,13.0504262360575,9.23240071422057,NA,NA,14.5692096134051,-1.51878337734762
-2250,2957,"Como Lake",3523,-105.514165,37.569525,10.9502471784169,0.882155545093789,NA,NA,9.55612818064036,1.39411899777656
-2250,504,"Crane Lake",2590,-112.148895,36.52986,12.4125200965881,0.361655824610181,NA,NA,16.989092583515,-4.57657248692692
-2250,11617,"Cumbres Bog",3100,-106.45052,37.021745,15.4649348249734,2.88979580272842,NA,NA,13.566567650834,1.89836717413944
-2250,982,"Hay Lake",2780,-109.425,34,19.5767352465798,0.8195856141694,NA,NA,14.5992815863824,4.9774536601974
-2250,23930,"Hermit Lake",3450,-105.63166,38.08806,9.95771094826215,0.551473807397776,NA,NA,9.66606600072523,0.29164494753692
-2250,1705,"Molas Lake",3200,-107.682735,37.74759,11.8968893744312,0.562154024467241,NA,NA,11.890517896094,0.0063714783372113
-2250,1906,"Potato Lake",2205,-111.345278,34.462222,16.5254819544566,0.467934703870424,NA,NA,20.0492682311326,-3.52378627667606
-2250,13683,"Purple Lake",3226,-111.57115,38.07438,10.8145640002484,0.394916076345639,NA,NA,12.5737202900019,-1.75915628975344
-2150,10000,"Bear Lake",2778,-112.147175,36.371125,12.3217174717191,0.789701224538493,NA,NA,16.2237048759651,-3.90198740424601
-2150,246,"Beef Pasture",3060,-108.160375,37.473105,13.975375240873,1.21003837880646,NA,NA,14.5692096134051,-0.593834372532092
-2150,2957,"Como Lake",3523,-105.514165,37.569525,11.0420422834825,0.881351043913798,NA,NA,9.55612818064036,1.48591410284212
-2150,504,"Crane Lake",2590,-112.148895,36.52986,12.5261707445957,0.359284722382014,NA,NA,16.989092583515,-4.46292183891931
-2150,11617,"Cumbres Bog",3100,-106.45052,37.021745,15.3037948643087,4.19047042177149,NA,NA,13.566567650834,1.73722721347471
-2150,982,"Hay Lake",2780,-109.425,34,19.5596564549381,0.785632726143554,NA,NA,14.5992815863824,4.96037486855568
-2150,23930,"Hermit Lake",3450,-105.63166,38.08806,10.2011589051043,0.394433225187186,NA,NA,9.66606600072523,0.535092904379088
-2150,1705,"Molas Lake",3200,-107.682735,37.74759,12.051019874269,0.376843640791646,NA,NA,11.890517896094,0.160501978175056
-2150,1906,"Potato Lake",2205,-111.345278,34.462222,16.6583715484406,0.738466739913118,NA,NA,20.0492682311326,-3.39089668269203
-2150,13683,"Purple Lake",3226,-111.57115,38.07438,10.6441902590231,0.388420059117458,NA,NA,12.5737202900019,-1.92953003097878
-2050,10000,"Bear Lake",2778,-112.147175,36.371125,12.4878902405743,0.825995103039778,NA,NA,16.2237048759651,-3.73581463539087
-2050,246,"Beef Pasture",3060,-108.160375,37.473105,13.7707716200703,9.10561592673183,NA,NA,14.5692096134051,-0.798437993334778
-2050,2957,"Como Lake",3523,-105.514165,37.569525,11.1327738882927,0.895284899170065,NA,NA,9.55612818064036,1.57664570765232
-2050,504,"Crane Lake",2590,-112.148895,36.52986,12.6637077436519,0.358139405095399,NA,NA,16.989092583515,-4.32538483986311
-2050,11617,"Cumbres Bog",3100,-106.45052,37.021745,15.0773006300532,4.71901368378267,NA,NA,13.566567650834,1.51073297921927
-2050,982,"Hay Lake",2780,-109.425,34,19.5480350405882,0.740800046189645,NA,NA,14.5992815863824,4.94875345420585
-2050,23930,"Hermit Lake",3450,-105.63166,38.08806,10.9694842877338,0.30432547398599,NA,NA,9.66606600072523,1.30341828700859
-2050,1705,"Molas Lake",3200,-107.682735,37.74759,12.0423571142655,0.411035722302389,NA,NA,11.890517896094,0.151839218171535
-2050,1906,"Potato Lake",2205,-111.345278,34.462222,16.8016222680349,0.946236151984446,NA,NA,20.0492682311326,-3.24764596309768
-2050,13683,"Purple Lake",3226,-111.57115,38.07438,10.5752747692838,0.385171909394824,NA,NA,12.5737202900019,-1.99844552071809
-1950,10000,"Bear Lake",2778,-112.147175,36.371125,12.7331674513892,0.887317868239821,NA,NA,16.2237048759651,-3.49053742457596
-1950,246,"Beef Pasture",3060,-108.160375,37.473105,13.097592960735,2.07728104279595,NA,NA,14.5692096134051,-1.47161665267011
-1950,2957,"Como Lake",3523,-105.514165,37.569525,11.229289129373,0.91291944179178,NA,NA,9.55612818064036,1.67316094873261
-1950,504,"Crane Lake",2590,-112.148895,36.52986,12.824538670912,0.359245180895667,NA,NA,16.989092583515,-4.16455391260301
-1950,11617,"Cumbres Bog",3100,-106.45052,37.021745,14.7477016189453,4.2273694344935,NA,NA,13.566567650834,1.18113396811132
-1950,982,"Hay Lake",2780,-109.425,34,19.5424118734304,0.690142493386517,NA,NA,14.5992815863824,4.94313028704802
-1950,23930,"Hermit Lake",3450,-105.63166,38.08806,12.0201067834111,0.312764363842793,NA,NA,9.66606600072523,2.35404078268583
-1950,1705,"Molas Lake",3200,-107.682735,37.74759,11.8888101479943,0.592609101192524,NA,NA,11.890517896094,-0.00170774809965835
-1950,1906,"Potato Lake",2205,-111.345278,34.462222,16.9440888887705,1.06108898468416,NA,NA,20.0492682311326,-3.10517934236212
-1950,13683,"Purple Lake",3226,-111.57115,38.07438,10.6170433161413,0.389044327244974,NA,NA,12.5737202900019,-1.95667697386057
-1850,10000,"Bear Lake",2778,-112.147175,36.371125,13.0459102039531,0.944321602535959,NA,NA,16.2237048759651,-3.17779467201204
-1850,246,"Beef Pasture",3060,-108.160375,37.473105,12.9207586386818,6.65620279058044,NA,NA,14.5692096134051,-1.64845097472334
-1850,2957,"Como Lake",3523,-105.514165,37.569525,11.3386388293853,0.924965259099522,NA,NA,9.55612818064036,1.78251064874498
-1850,504,"Crane Lake",2590,-112.148895,36.52986,13.0039327347892,0.361356356029164,NA,NA,16.989092583515,-3.98515984872581
-1850,11617,"Cumbres Bog",3100,-106.45052,37.021745,14.2772473277235,2.95392596849528,NA,NA,13.566567650834,0.7106796768895
-1850,982,"Hay Lake",2780,-109.425,34,19.5433278233646,0.640816174751508,NA,NA,14.5992815863824,4.94404623698226
-1850,23930,"Hermit Lake",3450,-105.63166,38.08806,11.9282658769721,0.31988190841014,NA,NA,9.66606600072523,2.26219987624689
-1850,1705,"Molas Lake",3200,-107.682735,37.74759,11.657295872318,0.674105009171798,NA,NA,11.890517896094,-0.233222023775991
-1850,1906,"Potato Lake",2205,-111.345278,34.462222,17.0746261861761,1.07563004999995,NA,NA,20.0492682311326,-2.97464204495651
-1850,13683,"Purple Lake",3226,-111.57115,38.07438,10.7152613565988,0.386806348014815,NA,NA,12.5737202900019,-1.85845893340305
-1750,10000,"Bear Lake",2778,-112.147175,36.371125,13.409448293255,0.972858814618877,NA,NA,16.2237048759651,-2.81425658271009
-1750,246,"Beef Pasture",3060,-108.160375,37.473105,12.7436918616968,3.00929467130145,NA,NA,14.5692096134051,-1.8255177517083
-1750,2957,"Como Lake",3523,-105.514165,37.569525,11.4678738109918,0.926136558454976,NA,NA,9.55612818064036,1.91174563035144
-1750,504,"Crane Lake",2590,-112.148895,36.52986,13.1966993390682,0.363363190643527,NA,NA,16.989092583515,-3.79239324444682
-1750,11617,"Cumbres Bog",3100,-106.45052,37.021745,13.6293270075506,2.07051143803237,NA,NA,13.566567650834,0.0627593567166436
-1750,982,"Hay Lake",2780,-109.425,34,19.551323760291,0.602323132606886,NA,NA,14.5992815863824,4.95204217390867
-1750,23930,"Hermit Lake",3450,-105.63166,38.08806,11.1048741689248,0.402272481003563,NA,NA,9.66606600072523,1.43880816819957
-1750,1705,"Molas Lake",3200,-107.682735,37.74759,11.4159185570433,0.610687764695084,NA,NA,11.890517896094,-0.474599339050656
-1750,1906,"Potato Lake",2205,-111.345278,34.462222,17.1820889357812,0.991665628335994,NA,NA,20.0492682311326,-2.86717929535142
-1750,13683,"Purple Lake",3226,-111.57115,38.07438,10.8112961696017,0.383685823091536,NA,NA,12.5737202900019,-1.76242412040014
-1650,10000,"Bear Lake",2778,-112.147175,36.371125,13.8071115142841,0.963995471090855,NA,NA,16.2237048759651,-2.41659336168103
-1650,246,"Beef Pasture",3060,-108.160375,37.473105,11.9581110109962,2.9697850552064,NA,NA,14.5692096134051,-2.61109860240886
-1650,2957,"Como Lake",3523,-105.514165,37.569525,11.6240448968544,0.915640232860013,NA,NA,9.55612818064036,2.06791671621404
-1650,504,"Crane Lake",2590,-112.148895,36.52986,13.3976478875337,0.364843544724183,NA,NA,16.989092583515,-3.59144469598136
-1650,11617,"Cumbres Bog",3100,-106.45052,37.021745,12.9199672983792,2.23777485931562,NA,NA,13.566567650834,-0.646600352454795
-1650,982,"Hay Lake",2780,-109.425,34,19.5669401775469,0.585433669540113,NA,NA,14.5992815863824,4.9676585911645
-1650,23930,"Hermit Lake",3450,-105.63166,38.08806,10.6369632209887,0.621759230000584,NA,NA,9.66606600072523,0.970897220263446
-1650,1705,"Molas Lake",3200,-107.682735,37.74759,11.2327824719938,0.437368766432096,NA,NA,11.890517896094,-0.65773542410022
-1650,1906,"Potato Lake",2205,-111.345278,34.462222,17.2553319131164,0.819235895431897,NA,NA,20.0492682311326,-2.79393631801627
-1650,13683,"Purple Lake",3226,-111.57115,38.07438,10.8638544578303,0.389990582066845,NA,NA,12.5737202900019,-1.70986583217159
-1550,10000,"Bear Lake",2778,-112.147175,36.371125,14.2222296620293,0.923220177269469,NA,NA,16.2237048759651,-2.00147521393588
-1550,246,"Beef Pasture",3060,-108.160375,37.473105,10.8878387561427,11.0038105647884,NA,NA,14.5692096134051,-3.68137085726236
-1550,2957,"Como Lake",3523,-105.514165,37.569525,11.8142029096351,0.897251578212112,NA,NA,9.55612818064036,2.25807472899479
-1550,504,"Crane Lake",2590,-112.148895,36.52986,13.6015877839703,0.36617289927838,NA,NA,16.989092583515,-3.38750479954474
-1550,11617,"Cumbres Bog",3100,-106.45052,37.021745,12.569910293857,1.98950091680564,NA,NA,13.566567650834,-0.996657356977018
-1550,982,"Hay Lake",2780,-109.425,34,19.5906265585766,0.59485391917323,NA,NA,14.5992815863824,4.99134497219427
-1550,23930,"Hermit Lake",3450,-105.63166,38.08806,10.6151025306236,0.638850721400761,NA,NA,9.66606600072523,0.949036529898374
-1550,1705,"Molas Lake",3200,-107.682735,37.74759,11.1755961886334,0.349881187379426,NA,NA,11.890517896094,-0.714921707460562
-1550,1906,"Potato Lake",2205,-111.345278,34.462222,17.2832098937108,0.58165628457804,NA,NA,20.0492682311326,-2.76605833742184
-1550,13683,"Purple Lake",3226,-111.57115,38.07438,10.8831646630656,0.391850934545397,NA,NA,12.5737202900019,-1.69055562693624
-1450,10000,"Bear Lake",2778,-112.147175,36.371125,14.6381325314795,0.870775251324128,NA,NA,16.2237048759651,-1.58557234448563
-1450,246,"Beef Pasture",3060,-108.160375,37.473105,10.4104068563277,14.5211456790789,NA,NA,14.5692096134051,-4.15880275707743
-1450,2957,"Como Lake",3523,-105.514165,37.569525,12.0453986719961,0.879128072253694,NA,NA,9.55612818064036,2.48927049135571
-1450,504,"Crane Lake",2590,-112.148895,36.52986,13.8033284321628,0.368478194536355,NA,NA,16.989092583515,-3.18576415135225
-1450,11617,"Cumbres Bog",3100,-106.45052,37.021745,12.9859201010672,2.15419200811141,NA,NA,13.566567650834,-0.580647549766775
-1450,982,"Hay Lake",2780,-109.425,34,19.6226235464222,0.622137133568859,NA,NA,14.5992815863824,5.02334196003983
-1450,23930,"Hermit Lake",3450,-105.63166,38.08806,10.7272920801761,0.505995319656941,NA,NA,9.66606600072523,1.06122607945092
-1450,1705,"Molas Lake",3200,-107.682735,37.74759,11.2641887795305,0.476483263017782,NA,NA,11.890517896094,-0.626329116563479
-1450,1906,"Potato Lake",2205,-111.345278,34.462222,17.2545776530943,0.347557711999324,NA,NA,20.0492682311326,-2.79469057803827
-1450,13683,"Purple Lake",3226,-111.57115,38.07438,10.888980803504,0.387463240908906,NA,NA,12.5737202900019,-1.68473948649791
-1350,10000,"Bear Lake",2778,-112.147175,36.371125,15.0369706833946,0.837706363384197,NA,NA,16.2237048759651,-1.1867341925705
-1350,246,"Beef Pasture",3060,-108.160375,37.473105,11.6090857758698,4.46859973880266,NA,NA,14.5692096134051,-2.96012383753528
-1350,2957,"Como Lake",3523,-105.514165,37.569525,12.3246671718546,0.872647972697263,NA,NA,9.55612818064036,2.76853899121421
-1350,504,"Crane Lake",2590,-112.148895,36.52986,13.9976808552704,0.373414970997094,NA,NA,16.989092583515,-2.99141172824463
-1350,11617,"Cumbres Bog",3100,-106.45052,37.021745,14.267877753803,2.03328494755454,NA,NA,13.566567650834,0.701310102969009
-1350,982,"Hay Lake",2780,-109.425,34,19.663142607726,0.656727858867059,NA,NA,14.5992815863824,5.06386102134359
-1350,23930,"Hermit Lake",3450,-105.63166,38.08806,10.7184561206717,0.776402431674472,NA,NA,9.66606600072523,1.05239011994644
-1350,1705,"Molas Lake",3200,-107.682735,37.74759,11.4254002077741,0.53531308335453,NA,NA,11.890517896094,-0.465117688319857
-1350,1906,"Potato Lake",2205,-111.345278,34.462222,17.1600756322682,0.338863412420049,NA,NA,20.0492682311326,-2.8891925988644
-1350,13683,"Purple Lake",3226,-111.57115,38.07438,10.9000495285248,0.391233526868733,NA,NA,12.5737202900019,-1.67367076147711
-1250,10000,"Bear Lake",2778,-112.147175,36.371125,15.3851875947651,0.829239293871482,NA,NA,16.2237048759651,-0.838517281200003
-1250,246,"Beef Pasture",3060,-108.160375,37.473105,15.0266367148327,6.14491236350153,NA,NA,14.5692096134051,0.457427101427607
-1250,2957,"Como Lake",3523,-105.514165,37.569525,12.6519711310022,0.883857303427998,NA,NA,9.55612818064036,3.09584295036183
-1250,504,"Crane Lake",2590,-112.148895,36.52986,14.1805131359414,0.381804824781162,NA,NA,16.989092583515,-2.80857944757359
-1250,11617,"Cumbres Bog",3100,-106.45052,37.021745,16.3483425756573,2.08052260724397,NA,NA,13.566567650834,2.7817749248233
-1250,982,"Hay Lake",2780,-109.425,34,19.7123952091303,0.69004839405285,NA,NA,14.5992815863824,5.11311362274794
-1250,23930,"Hermit Lake",3450,-105.63166,38.08806,10.5829935022759,1.0034827696335,NA,NA,9.66606600072523,0.916927501550656
-1250,1705,"Molas Lake",3200,-107.682735,37.74759,11.5753865813272,0.453634336628157,NA,NA,11.890517896094,-0.315131314766738
-1250,1906,"Potato Lake",2205,-111.345278,34.462222,17.0192999628155,0.477011301802173,NA,NA,20.0492682311326,-3.02996826831708
-1250,13683,"Purple Lake",3226,-111.57115,38.07438,10.9254136170085,0.396019560120647,NA,NA,12.5737202900019,-1.64830667299338
-1250,2260,"San Agustin Plains",2069,-108.25,33.866667,20.225,NA,NA,NA,19.9752107816903,0.249789218309729
-1150,10000,"Bear Lake",2778,-112.147175,36.371125,15.638055640879,0.835901037826454,NA,NA,16.2237048759651,-0.585649235086107
-1150,246,"Beef Pasture",3060,-108.160375,37.473105,15.9996360861212,1.28136679254541,NA,NA,14.5692096134051,1.43042647271606
-1150,2957,"Como Lake",3523,-105.514165,37.569525,13.0090920520442,0.903001703056729,NA,NA,9.55612818064036,3.45296387140384
-1150,504,"Crane Lake",2590,-112.148895,36.52986,14.3505718125083,0.391776245833797,NA,NA,16.989092583515,-2.63852077100673
-1150,11617,"Cumbres Bog",3100,-106.45052,37.021745,18.3273565423697,2.06508461531326,NA,NA,13.566567650834,4.76078889153577
-1150,982,"Hay Lake",2780,-109.425,34,19.7705928172777,0.716114376233373,NA,NA,14.5992815863824,5.1713112308953
-1150,23930,"Hermit Lake",3450,-105.63166,38.08806,10.3835389835974,0.929153812328758,NA,NA,9.66606600072523,0.717472982872152
-1150,1705,"Molas Lake",3200,-107.682735,37.74759,11.6303040081584,0.295064039639758,NA,NA,11.890517896094,-0.260213887935542
-1150,1906,"Potato Lake",2205,-111.345278,34.462222,16.875339380477,0.538521267730728,NA,NA,20.0492682311326,-3.17392885065563
-1150,13683,"Purple Lake",3226,-111.57115,38.07438,10.9686927766135,0.390890456682318,NA,NA,12.5737202900019,-1.60502751338834
-1050,10000,"Bear Lake",2778,-112.147175,36.371125,15.7506083149285,0.864024914772555,NA,NA,16.2237048759651,-0.473096561036641
-1050,246,"Beef Pasture",3060,-108.160375,37.473105,13.5976044798591,1.15446325995441,NA,NA,14.5692096134051,-0.971605133545955
-1050,2957,"Como Lake",3523,-105.514165,37.569525,13.3749301005367,0.919353525501889,NA,NA,9.55612818064036,3.81880191989634
-1050,504,"Crane Lake",2590,-112.148895,36.52986,14.5070887956459,0.401263149656076,NA,NA,16.989092583515,-2.48200378786919
-1050,11617,"Cumbres Bog",3100,-106.45052,37.021745,18.6538289592193,1.6789923865491,NA,NA,13.566567650834,5.08726130838533
-1050,982,"Hay Lake",2780,-109.425,34,19.8379468988105,0.731148794869581,NA,NA,14.5992815863824,5.23866531242807
-1050,23930,"Hermit Lake",3450,-105.63166,38.08806,10.182729009457,0.607284061145355,NA,NA,9.66606600072523,0.516663008731758
-1050,1705,"Molas Lake",3200,-107.682735,37.74759,11.5455462023661,0.239791669473087,NA,NA,11.890517896094,-0.344971693727931
-1050,1906,"Potato Lake",2205,-111.345278,34.462222,16.7719606745394,0.489200047087131,NA,NA,20.0492682311326,-3.27730755659326
-1050,13683,"Purple Lake",3226,-111.57115,38.07438,11.0334080862005,0.385705407179135,NA,NA,12.5737202900019,-1.54031220380136
-950,10000,"Bear Lake",2778,-112.147175,36.371125,15.6926186401291,0.922246006023209,NA,NA,16.2237048759651,-0.531086235836074
-950,246,"Beef Pasture",3060,-108.160375,37.473105,14.0358112309897,3.33456146945726,NA,NA,14.5692096134051,-0.533398382415447
-950,2957,"Como Lake",3523,-105.514165,37.569525,13.7283854420357,0.925955574849956,NA,NA,9.55612818064036,4.17225726139539
-950,504,"Crane Lake",2590,-112.148895,36.52986,14.649295996029,0.408760219702183,NA,NA,16.989092583515,-2.33979658748609
-950,11617,"Cumbres Bog",3100,-106.45052,37.021745,17.6183998840727,1.79316695810348,NA,NA,13.566567650834,4.05183223323873
-950,982,"Hay Lake",2780,-109.425,34,19.914668920371,0.733069557255123,NA,NA,14.5992815863824,5.31538733398866
-950,23930,"Hermit Lake",3450,-105.63166,38.08806,10.0410690227929,0.64076627725986,NA,NA,9.66606600072523,0.375003022067684
-950,1705,"Molas Lake",3200,-107.682735,37.74759,11.4543137139477,0.26479637611573,NA,NA,11.890517896094,-0.436204182146263
-950,1906,"Potato Lake",2205,-111.345278,34.462222,16.7529306342891,0.356007264771984,NA,NA,20.0492682311326,-3.29633759684351
-950,13683,"Purple Lake",3226,-111.57115,38.07438,11.1172149252047,0.389199964795666,NA,NA,12.5737202900019,-1.45650536479713
-850,10000,"Bear Lake",2778,-112.147175,36.371125,15.4964643993723,0.984641288632414,NA,NA,16.2237048759651,-0.72724047659289
-850,246,"Beef Pasture",3060,-108.160375,37.473105,15.072586533359,4.30937993851013,NA,NA,14.5692096134051,0.503376919953903
-850,2957,"Como Lake",3523,-105.514165,37.569525,14.0483582420974,0.920371000879275,NA,NA,9.55612818064036,4.49223006145708
-850,504,"Crane Lake",2590,-112.148895,36.52986,14.7764253243325,0.41344879394639,NA,NA,16.989092583515,-2.21266725918257
-850,11617,"Cumbres Bog",3100,-106.45052,37.021745,17.1520116894524,2.06061813163379,NA,NA,13.566567650834,3.58544403861847
-850,982,"Hay Lake",2780,-109.425,34,20.0009703486018,0.721132812046801,NA,NA,14.5992815863824,5.40168876221947
-850,23930,"Hermit Lake",3450,-105.63166,38.08806,9.97436483511978,1.02392725546416,NA,NA,9.66606600072523,0.308298834394549
-850,1705,"Molas Lake",3200,-107.682735,37.74759,11.4095360021383,0.304368967319472,NA,NA,11.890517896094,-0.480981893955672
-850,1906,"Potato Lake",2205,-111.345278,34.462222,16.8611379452599,0.238099968043122,NA,NA,20.0492682311326,-3.18813028587273
-850,13683,"Purple Lake",3226,-111.57115,38.07438,11.2057307409143,0.387942548746452,NA,NA,12.5737202900019,-1.36798954908755
-750,10000,"Bear Lake",2778,-112.147175,36.371125,15.2111419140753,1.02534500591189,NA,NA,16.2237048759651,-1.01256296188987
-750,246,"Beef Pasture",3060,-108.160375,37.473105,15.2077775263689,4.65102908790442,NA,NA,14.5692096134051,0.63856791296376
-750,2957,"Como Lake",3523,-105.514165,37.569525,14.3137486662778,0.904789640157909,NA,NA,9.55612818064036,4.75762048563748
-750,504,"Crane Lake",2590,-112.148895,36.52986,14.8877086912313,0.415227151002759,NA,NA,16.989092583515,-2.10138389228376
-750,11617,"Cumbres Bog",3100,-106.45052,37.021745,15.9927230577672,1.92238629531141,NA,NA,13.566567650834,2.42615540693322
-750,982,"Hay Lake",2780,-109.425,34,20.0970626501453,0.695766202267863,NA,NA,14.5992815863824,5.49778106376291
-750,23930,"Hermit Lake",3450,-105.63166,38.08806,9.9559952425535,1.18177471116461,NA,NA,9.66606600072523,0.289929241828272
-750,1705,"Molas Lake",3200,-107.682735,37.74759,11.4068055568152,0.294355704273456,NA,NA,11.890517896094,-0.483712339278789
-750,1906,"Potato Lake",2205,-111.345278,34.462222,17.0516006464836,0.21002264198242,NA,NA,20.0492682311326,-2.99766758464905
-750,13683,"Purple Lake",3226,-111.57115,38.07438,11.283095281228,0.384487961751846,NA,NA,12.5737202900019,-1.29062500877386
-650,10000,"Bear Lake",2778,-112.147175,36.371125,14.8856476309392,1.03323984804805,NA,NA,16.2237048759651,-1.33805724502596
-650,246,"Beef Pasture",3060,-108.160375,37.473105,14.6231037162823,1.19825581459333,NA,NA,14.5692096134051,0.0538941028772317
-650,2957,"Como Lake",3523,-105.514165,37.569525,14.503456880133,0.885952815783784,NA,NA,9.55612818064036,4.94732869949267
-650,504,"Crane Lake",2590,-112.148895,36.52986,14.9823780074002,0.414705438377279,NA,NA,16.989092583515,-2.0067145761148
-650,11617,"Cumbres Bog",3100,-106.45052,37.021745,13.4021183221341,2.10183798386868,NA,NA,13.566567650834,-0.164449328699906
-650,982,"Hay Lake",2780,-109.425,34,20.2031572916438,0.658578310384639,NA,NA,14.5992815863824,5.60387570526139
-650,23930,"Hermit Lake",3450,-105.63166,38.08806,9.95766295051817,1.02290192134489,NA,NA,9.66606600072523,0.291596949792943
-650,1705,"Molas Lake",3200,-107.682735,37.74759,11.4288723342141,0.231695587235102,NA,NA,11.890517896094,-0.461645561879902
-650,1906,"Potato Lake",2205,-111.345278,34.462222,17.1630634795777,0.210915356196674,NA,NA,20.0492682311326,-2.8862047515549
-650,13683,"Purple Lake",3226,-111.57115,38.07438,11.3357214099734,0.39328112493168,NA,NA,12.5737202900019,-1.23799888002847
-550,10000,"Bear Lake",2778,-112.147175,36.371125,14.568977996665,1.01159062815543,NA,NA,16.2237048759651,-1.6547268793001
-550,246,"Beef Pasture",3060,-108.160375,37.473105,14.38700397091,5.51500200185389,NA,NA,14.5692096134051,-0.182205642495111
-550,2957,"Como Lake",3523,-105.514165,37.569525,14.5963830492191,0.87448364123549,NA,NA,9.55612818064036,5.04025486857871
-550,504,"Crane Lake",2590,-112.148895,36.52986,15.0596651835142,0.41317359101929,NA,NA,16.989092583515,-1.92942740000083
-550,11617,"Cumbres Bog",3100,-106.45052,37.021745,11.7398494406414,1.8901718356139,NA,NA,13.566567650834,-1.82671821019255
-550,982,"Hay Lake",2780,-109.425,34,20.3194657397397,0.612541757983289,NA,NA,14.5992815863824,5.72018415335731
-550,23930,"Hermit Lake",3450,-105.63166,38.08806,9.95107066443951,0.636952764257114,NA,NA,9.66606600072523,0.285004663714279
-550,1705,"Molas Lake",3200,-107.682735,37.74759,11.449627081211,0.272733228853993,NA,NA,11.890517896094,-0.440890814882994
-550,1906,"Potato Lake",2205,-111.345278,34.462222,17.2126343411013,0.219652886425289,NA,NA,20.0492682311326,-2.8366338900313
-550,13683,"Purple Lake",3226,-111.57115,38.07438,11.3605882185862,0.405833614696198,NA,NA,12.5737202900019,-1.21313207141571
-450,10000,"Bear Lake",2778,-112.147175,36.371125,14.3101294579539,0.97810806320043,NA,NA,16.2237048759651,-1.91357541801122
-450,246,"Beef Pasture",3060,-108.160375,37.473105,14.3918775887334,4.64920836707699,NA,NA,14.5692096134051,-0.177332024671747
-450,2957,"Como Lake",3523,-105.514165,37.569525,14.5745533579879,0.880776210592669,NA,NA,9.55612818064036,5.01842517734755
-450,504,"Crane Lake",2590,-112.148895,36.52986,15.1188021302481,0.412504839388212,NA,NA,16.989092583515,-1.87029045326697
-450,11617,"Cumbres Bog",3100,-106.45052,37.021745,13.0347649992146,1.93652687608525,NA,NA,13.566567650834,-0.531802651619341
-450,982,"Hay Lake",2780,-109.425,34,20.4461994610754,0.562344772825607,NA,NA,14.5992815863824,5.84691787469307
-450,23930,"Hermit Lake",3450,-105.63166,38.08806,9.90957230171425,0.623036374006905,NA,NA,9.66606600072523,0.243506300989027
-450,1705,"Molas Lake",3200,-107.682735,37.74759,11.4094541056725,0.273386444970584,NA,NA,11.890517896094,-0.481063790421462
-450,1906,"Potato Lake",2205,-111.345278,34.462222,17.3017485034988,0.254910902700077,NA,NA,20.0492682311326,-2.74751972763383
-450,13683,"Purple Lake",3226,-111.57115,38.07438,11.3577426267793,0.422932194059808,NA,NA,12.5737202900019,-1.21597766322261
-350,10000,"Bear Lake",2778,-112.147175,36.371125,14.1580931693119,0.963703097347684,NA,NA,16.2237048759651,-2.06561170665322
-350,246,"Beef Pasture",3060,-108.160375,37.473105,14.6108399059365,1.51784483090448,NA,NA,14.5692096134051,0.0416302925314032
-350,2957,"Como Lake",3523,-105.514165,37.569525,14.4446406834428,0.899936493365192,NA,NA,9.55612818064036,4.88851250280242
-350,504,"Crane Lake",2590,-112.148895,36.52986,15.1590207582767,0.41492425630307,NA,NA,16.989092583515,-1.83007182523837
-350,11617,"Cumbres Bog",3100,-106.45052,37.021745,14.9023219803899,1.65209291061063,NA,NA,13.566567650834,1.33575432955595
-350,982,"Hay Lake",2780,-109.425,34,20.5835699222935,0.514789571331531,NA,NA,14.5992815863824,5.98428833591108
-350,23930,"Hermit Lake",3450,-105.63166,38.08806,9.84634422831815,0.987342546769583,NA,NA,9.66606600072523,0.180278227592925
-350,1705,"Molas Lake",3200,-107.682735,37.74759,11.2840352561526,0.274371867751566,NA,NA,11.890517896094,-0.606482639941355
-350,1906,"Potato Lake",2205,-111.345278,34.462222,17.4643023402014,0.286429838004352,NA,NA,20.0492682311326,-2.58496589093124
-350,13683,"Purple Lake",3226,-111.57115,38.07438,11.3274637890702,0.464583249879731,NA,NA,12.5737202900019,-1.24625650093171
-250,10000,"Bear Lake",2778,-112.147175,36.371125,14.1429800943679,0.989920751435609,NA,NA,16.2237048759651,-2.08072478159723
-250,246,"Beef Pasture",3060,-108.160375,37.473105,15.0805877648102,5.14696911046408,NA,NA,14.5692096134051,0.511378151405149
-250,2957,"Como Lake",3523,-105.514165,37.569525,14.2249988812008,0.920481956566127,NA,NA,9.55612818064036,4.66887070056041
-250,504,"Crane Lake",2590,-112.148895,36.52986,15.1799592856141,0.4218548499315,NA,NA,16.989092583515,-1.80913329790097
-250,11617,"Cumbres Bog",3100,-106.45052,37.021745,15.2220955685559,1.50170163856854,NA,NA,13.566567650834,1.65552791772192
-250,982,"Hay Lake",2780,-109.425,34,20.7316635707576,0.47858194248572,NA,NA,14.5992815863824,6.1323819843752
-250,23930,"Hermit Lake",3450,-105.63166,38.08806,9.81543780484547,1.11555264682014,NA,NA,9.66606600072523,0.149371804120243
-250,1705,"Molas Lake",3200,-107.682735,37.74759,11.2576195246876,0.246218757216597,NA,NA,11.890517896094,-0.632898371406359
-250,1906,"Potato Lake",2205,-111.345278,34.462222,17.6187716566108,0.263739121395828,NA,NA,20.0492682311326,-2.43049657452181
-250,13683,"Purple Lake",3226,-111.57115,38.07438,11.2748952369456,0.526280606397269,NA,NA,12.5737202900019,-1.29882505305631
-150,10000,"Bear Lake",2778,-112.147175,36.371125,14.2336223778411,1.03145884032754,NA,NA,16.2237048759651,-1.99008249812402
-150,246,"Beef Pasture",3060,-108.160375,37.473105,13.4001943463302,1.99580094687558,NA,NA,14.5692096134051,-1.16901526707487
-150,2957,"Como Lake",3523,-105.514165,37.569525,13.9340519485056,0.933972703053848,NA,NA,9.55612818064036,4.37792376786529
-150,504,"Crane Lake",2590,-112.148895,36.52986,15.182881159631,0.431422521021785,NA,NA,16.989092583515,-1.80621142388399
-150,11617,"Cumbres Bog",3100,-106.45052,37.021745,16.2120734406538,1.44074272116433,NA,NA,13.566567650834,2.64550578981987
-150,982,"Hay Lake",2780,-109.425,34,20.8843265225448,0.458124944868622,NA,NA,14.5992815863824,6.28504493616247
-150,23930,"Hermit Lake",3450,-105.63166,38.08806,9.87276615799208,0.92597074393208,NA,NA,9.66606600072523,0.206700157266852
-150,1705,"Molas Lake",3200,-107.682735,37.74759,11.3705435892654,0.232683093232715,NA,NA,11.890517896094,-0.519974306828562
-150,1906,"Potato Lake",2205,-111.345278,34.462222,17.6808282452053,0.282361573296801,NA,NA,20.0492682311326,-2.36843998592733
-150,13683,"Purple Lake",3226,-111.57115,38.07438,11.2097975644956,0.579352179008539,NA,NA,12.5737202900019,-1.36392272550626
-50,10000,"Bear Lake",2778,-112.147175,36.371125,14.3864416278822,1.0599277454062,NA,NA,16.2237048759651,-1.83726324808292
-50,246,"Beef Pasture",3060,-108.160375,37.473105,11.4044698873274,0.645388843765844,NA,NA,14.5692096134051,-3.16473972607768
-50,2957,"Como Lake",3523,-105.514165,37.569525,13.5902238826011,0.936317690351002,NA,NA,9.55612818064036,4.03409570196075
-50,504,"Crane Lake",2590,-112.148895,36.52986,15.1694561350375,0.441026562302811,NA,NA,16.989092583515,-1.81963644847749
-50,11617,"Cumbres Bog",3100,-106.45052,37.021745,16.8255675181502,1.41764639142515,NA,NA,13.566567650834,3.25899986731622
-50,982,"Hay Lake",2780,-109.425,34,21.0263951024601,0.450504334897746,NA,NA,14.5992815863824,6.42711351607769
-50,23930,"Hermit Lake",3450,-105.63166,38.08806,10.0742424144527,0.563728360346316,NA,NA,9.66606600072523,0.408176413727436
-50,1609,"Long Lake",2727,-108.833333,36.005556,9.78316011235955,NA,0,NA,17.1470272900194,-7.36386717765987
-50,1705,"Molas Lake",3200,-107.682735,37.74759,11.4188059667623,0.223657329432908,NA,NA,11.890517896094,-0.47171192933164
-50,1906,"Potato Lake",2205,-111.345278,34.462222,17.5992635083662,0.27310512659858,NA,NA,20.0492682311326,-2.45000472276642
-50,13683,"Purple Lake",3226,-111.57115,38.07438,11.1421137641135,0.606052032458792,NA,NA,12.5737202900019,-1.43160652588839
-50,2853,"Whiskey Lake",2712,-108.810833,35.981944,16.6391130040449,2.30120601526326,NA,NA,17.1959575420008,-0.556844537955826
50,10000,"Bear Lake",2778,-112.147175,36.371125,14.5578594526417,1.06075352693653,NA,NA,16.2237048759651,-1.6658454233234
50,246,"Beef Pasture",3060,-108.160375,37.473105,13.6718471657367,0.555218205862491,NA,NA,14.5692096134051,-0.897362447668355
50,2957,"Como Lake",3523,-105.514165,37.569525,13.2119386807309,0.927988519369169,NA,NA,9.55612818064036,3.65581050009055
50,504,"Crane Lake",2590,-112.148895,36.52986,15.1413539665435,0.448517591909796,NA,NA,16.989092583515,-1.84773861697151
50,11617,"Cumbres Bog",3100,-106.45052,37.021745,15.1050443736033,1.42361196279422,NA,NA,13.566567650834,1.53847672276934
50,982,"Hay Lake",2780,-109.425,34,21.1420031950269,0.45346351342652,NA,NA,14.5992815863824,6.5427216086445
50,23930,"Hermit Lake",3450,-105.63166,38.08806,10.4631345549483,0.674032357539928,NA,NA,9.66606600072523,0.797068554223095
50,1609,"Long Lake",2727,-108.833333,36.005556,10.5991713483146,NA,0,NA,17.1470272900194,-6.54785594170481
50,1705,"Molas Lake",3200,-107.682735,37.74759,11.421861658133,0.25020596047064,NA,NA,11.890517896094,-0.468656237960948
50,1906,"Potato Lake",2205,-111.345278,34.462222,17.3378923952048,0.222246826799225,NA,NA,20.0492682311326,-2.7113758359278
50,13683,"Purple Lake",3226,-111.57115,38.07438,11.0817868281924,0.599561627741587,NA,NA,12.5737202900019,-1.4919334618095
50,2853,"Whiskey Lake",2712,-108.810833,35.981944,11.8853701354194,1.84136168135085,NA,NA,17.1959575420008,-5.31058740658141
150,10000,"Bear Lake",2778,-112.147175,36.371125,14.7042974602704,1.03416474954215,NA,NA,16.2237048759651,-1.51940741569473
150,246,"Beef Pasture",3060,-108.160375,37.473105,12.2536777234215,0.652236645897141,NA,NA,14.5692096134051,-2.31553188998356
150,2957,"Como Lake",3523,-105.514165,37.569525,12.8176203401388,0.913937890588521,NA,NA,9.55612818064036,3.26149215949844
150,504,"Crane Lake",2590,-112.148895,36.52986,15.100244408859,0.452446429824878,NA,NA,16.989092583515,-1.88884817465609
150,11617,"Cumbres Bog",3100,-106.45052,37.021745,14.1319100585354,1.37308613649525,NA,NA,13.566567650834,0.565342407701397
150,982,"Hay Lake",2780,-109.425,34,21.2152874229507,0.466925463758419,NA,NA,14.5992815863824,6.61600583656836
150,23930,"Hermit Lake",3450,-105.63166,38.08806,10.9521669395143,0.942318485786839,NA,NA,9.66606600072523,1.28610093878905
150,1609,"Long Lake",2727,-108.833333,36.005556,11.4151825842697,NA,0,NA,17.1470272900194,-5.73184470574975
150,1705,"Molas Lake",3200,-107.682735,37.74759,11.4245864622446,0.259545411661914,NA,NA,11.890517896094,-0.465931433849383
150,1906,"Potato Lake",2205,-111.345278,34.462222,17.0459259678409,0.192254029425269,NA,NA,20.0492682311326,-3.00334226329169
150,13683,"Purple Lake",3226,-111.57115,38.07438,11.0387597491256,0.562093760753383,NA,NA,12.5737202900019,-1.53496054087629
150,2853,"Whiskey Lake",2712,-108.810833,35.981944,10.2389863115173,1.7932213944035,NA,NA,17.1959575420008,-6.9569712304835
250,10000,"Bear Lake",2778,-112.147175,36.371125,14.7821772589188,0.995381141803081,NA,NA,16.2237048759651,-1.44152761704639
250,246,"Beef Pasture",3060,-108.160375,37.473105,12.1617973467685,0.572052369403002,NA,NA,14.5692096134051,-2.40741226663658
250,2957,"Como Lake",3523,-105.514165,37.569525,12.4256928580685,0.903138174331071,NA,NA,9.55612818064036,2.86956467742814
250,504,"Crane Lake",2590,-112.148895,36.52986,15.0477972166938,0.45222578702123,NA,NA,16.989092583515,-1.94129536682127
250,11617,"Cumbres Bog",3100,-106.45052,37.021745,13.6298774337576,1.2985009581765,NA,NA,13.566567650834,0.0633097829236711
250,982,"Hay Lake",2780,-109.425,34,21.235237687869,0.489672912678338,NA,NA,14.5992815863824,6.63595610148665
250,23930,"Hermit Lake",3450,-105.63166,38.08806,11.37705019658,0.92340243152949,NA,NA,9.66606600072523,1.71098419585473
250,1609,"Long Lake",2727,-108.833333,36.005556,12.2311938202247,NA,0,NA,17.1470272900194,-4.9158334697947
250,1705,"Molas Lake",3200,-107.682735,37.74759,11.4588005981455,0.2410420298789,NA,NA,11.890517896094,-0.431717297948447
250,1906,"Potato Lake",2205,-111.345278,34.462222,17.1477012032392,0.179925449067709,NA,NA,20.0492682311326,-2.90156702789346
250,13683,"Purple Lake",3226,-111.57115,38.07438,11.0229755193063,0.505660639673655,NA,NA,12.5737202900019,-1.55074477069558
250,2853,"Whiskey Lake",2712,-108.810833,35.981944,11.7117060289337,1.65919295334188,NA,NA,17.1959575420008,-5.48425151306705
350,10000,"Bear Lake",2778,-112.147175,36.371125,14.7479204567375,0.973921359803761,NA,NA,16.2237048759651,-1.47578441922767
350,246,"Beef Pasture",3060,-108.160375,37.473105,12.0559719183698,0.577581841640071,NA,NA,14.5692096134051,-2.51323769503529
350,2957,"Como Lake",3523,-105.514165,37.569525,12.0543444552338,0.906665375017367,NA,NA,9.55612818064036,2.49821627459344
350,504,"Crane Lake",2590,-112.148895,36.52986,14.9856821447579,0.448313223130448,NA,NA,16.989092583515,-2.00341043875709
350,11617,"Cumbres Bog",3100,-106.45052,37.021745,13.3948973016157,1.4006668442577,NA,NA,13.566567650834,-0.171670349218235
350,982,"Hay Lake",2780,-109.425,34,21.2056938778309,0.513698974848801,NA,NA,14.5992815863824,6.6064122914485
350,23930,"Hermit Lake",3450,-105.63166,38.08806,11.5724995640745,0.643276364176586,NA,NA,9.66606600072523,1.90643356334927
350,1609,"Long Lake",2727,-108.833333,36.005556,13.0472050561798,NA,0,NA,17.1470272900194,-4.09982223383964
350,1705,"Molas Lake",3200,-107.682735,37.74759,11.5328914740089,0.246498984446052,NA,NA,11.890517896094,-0.357626422085131
350,1906,"Potato Lake",2205,-111.345278,34.462222,17.5538919285452,0.180798328603115,NA,NA,20.0492682311326,-2.49537630258746
350,13683,"Purple Lake",3226,-111.57115,38.07438,11.0443771311277,0.454649091889645,NA,NA,12.5737202900019,-1.52934315887421
350,2853,"Whiskey Lake",2712,-108.810833,35.981944,12.8210554326623,2.27550533250923,NA,NA,17.1959575420008,-4.37490210933852
450,10000,"Bear Lake",2778,-112.147175,36.371125,14.5687137045156,0.99721691257853,NA,NA,16.2237048759651,-1.65499117144957
450,246,"Beef Pasture",3060,-108.160375,37.473105,11.806752987943,0.699673681265408,NA,NA,14.5692096134051,-2.76245662546212
450,2957,"Como Lake",3523,-105.514165,37.569525,11.7125975397472,0.92534437110684,NA,NA,9.55612818064036,2.15646935910686
450,504,"Crane Lake",2590,-112.148895,36.52986,14.9155689477614,0.442481120320924,NA,NA,16.989092583515,-2.07352363575361
450,11617,"Cumbres Bog",3100,-106.45052,37.021745,13.25761033839,1.49087584539809,NA,NA,13.566567650834,-0.308957312443926
450,982,"Hay Lake",2780,-109.425,34,21.1333263533426,0.531973388476351,NA,NA,14.5992815863824,6.53404476696017
450,23930,"Hermit Lake",3450,-105.63166,38.08806,11.3782579301572,0.51760025644013,NA,NA,9.66606600072523,1.71219192943196
450,1609,"Long Lake",2727,-108.833333,36.005556,13.8632162921348,NA,0,NA,17.1470272900194,-3.28381099788459
450,1705,"Molas Lake",3200,-107.682735,37.74759,11.5786407488708,0.291289387564158,NA,NA,11.890517896094,-0.311877147223147
450,1906,"Potato Lake",2205,-111.345278,34.462222,17.8864838651568,0.181078168582762,NA,NA,20.0492682311326,-2.16278436597579
450,13683,"Purple Lake",3226,-111.57115,38.07438,11.1100502003203,0.434896063672075,NA,NA,12.5737202900019,-1.46367008968154
450,2853,"Whiskey Lake",2712,-108.810833,35.981944,12.3357764428964,2.44953164024469,NA,NA,17.1959575420008,-4.86018109910432
550,10000,"Bear Lake",2778,-112.147175,36.371125,14.2699693912087,1.04495838244284,NA,NA,16.2237048759651,-1.95373548475649
550,246,"Beef Pasture",3060,-108.160375,37.473105,13.7442522069866,0.533365516366695,NA,NA,14.5692096134051,-0.824957406418465
550,2957,"Como Lake",3523,-105.514165,37.569525,11.3975678049595,0.946740338196725,NA,NA,9.55612818064036,1.84143962431911
550,504,"Crane Lake",2590,-112.148895,36.52986,14.8391273804142,0.438159586256847,NA,NA,16.989092583515,-2.14996520310087
550,11617,"Cumbres Bog",3100,-106.45052,37.021745,12.5520264645891,1.77636917571769,NA,NA,13.566567650834,-1.01454118624487
550,982,"Hay Lake",2780,-109.425,34,21.0248054749103,0.540954125911157,NA,NA,14.5992815863824,6.42552388852793
550,23930,"Hermit Lake",3450,-105.63166,38.08806,10.8295180855258,0.604767918266293,NA,NA,9.66606600072523,1.16345208480062
550,1609,"Long Lake",2727,-108.833333,36.005556,14.6792275280899,NA,0,NA,17.1470272900194,-2.46779976192953
550,1705,"Molas Lake",3200,-107.682735,37.74759,11.5692314358851,0.300703102907356,NA,NA,11.890517896094,-0.321286460208917
550,1906,"Potato Lake",2205,-111.345278,34.462222,18.0406660411665,0.243335195032846,NA,NA,20.0492682311326,-2.00860218996611
550,13683,"Purple Lake",3226,-111.57115,38.07438,11.2116254232995,0.430617001745268,NA,NA,12.5737202900019,-1.36209486670234
550,2853,"Whiskey Lake",2712,-108.810833,35.981944,12.2402766948314,1.79763244166156,NA,NA,17.1959575420008,-4.95568084716936
650,10000,"Bear Lake",2778,-112.147175,36.371125,13.896695532084,1.0853546916877,NA,NA,16.2237048759651,-2.3270093438811
650,246,"Beef Pasture",3060,-108.160375,37.473105,13.0097009041596,0.571572582497253,NA,NA,14.5692096134051,-1.5595087092455
650,2957,"Como Lake",3523,-105.514165,37.569525,11.1055751984326,0.960227781341399,NA,NA,9.55612818064036,1.54944701779226
650,504,"Crane Lake",2590,-112.148895,36.52986,14.7580271974261,0.440656594254212,NA,NA,16.989092583515,-2.23106538608889
650,11617,"Cumbres Bog",3100,-106.45052,37.021745,11.6075308768924,1.87283121475248,NA,NA,13.566567650834,-1.95903677394161
650,982,"Hay Lake",2780,-109.425,34,20.8868016030404,0.541140642107525,NA,NA,14.5992815863824,6.28752001665801
650,23930,"Hermit Lake",3450,-105.63166,38.08806,10.2153691573094,0.494709616555842,NA,NA,9.66606600072523,0.549303156584202
650,1609,"Long Lake",2727,-108.833333,36.005556,15.4952387640449,NA,0,NA,17.1470272900194,-1.65178852597447
650,1705,"Molas Lake",3200,-107.682735,37.74759,11.5937874507729,0.234716251746111,NA,NA,11.890517896094,-0.296730445321085
650,13683,"Purple Lake",3226,-111.57115,38.07438,11.3355322086454,0.422363968625831,NA,NA,12.5737202900019,-1.23818808135651
650,24232,"Soldier Creek Meadow",2860,-109.92042,32.70177,17.6017511278703,0.423218713357905,NA,NA,14.0954465372075,3.50630459066281
650,2853,"Whiskey Lake",2712,-108.810833,35.981944,13.515417845205,1.87910438267918,NA,NA,17.1959575420008,-3.68053969679574
750,10000,"Bear Lake",2778,-112.147175,36.371125,13.4939149092712,1.09956001920678,NA,NA,16.2237048759651,-2.72978996669393
750,246,"Beef Pasture",3060,-108.160375,37.473105,13.8547426417179,0.528887819358749,NA,NA,14.5692096134051,-0.714466971687196
750,2957,"Como Lake",3523,-105.514165,37.569525,10.8329396677289,0.960386593940264,NA,NA,9.55612818064036,1.27681148708854
750,504,"Crane Lake",2590,-112.148895,36.52986,14.6739381535073,0.456771547563471,NA,NA,16.989092583515,-2.31515443000774
750,11617,"Cumbres Bog",3100,-106.45052,37.021745,10.5679005116818,1.90875134961801,NA,NA,13.566567650834,-2.99866713915216
750,982,"Hay Lake",2780,-109.425,34,20.7259850982391,0.538073325406172,NA,NA,14.5992815863824,6.1267035118567
750,23930,"Hermit Lake",3450,-105.63166,38.08806,9.83833472556296,0.535321096383724,NA,NA,9.66606600072523,0.17226872483773
750,1609,"Long Lake",2727,-108.833333,36.005556,16.31125,NA,0,NA,17.1470272900194,-0.835777290019418
750,1705,"Molas Lake",3200,-107.682735,37.74759,11.7489495457084,0.311096646197267,NA,NA,11.890517896094,-0.141568350385592
750,13683,"Purple Lake",3226,-111.57115,38.07438,11.4681960453547,0.41327053113188,NA,NA,12.5737202900019,-1.10552424464718
750,24232,"Soldier Creek Meadow",2860,-109.92042,32.70177,16.4041952257567,0.443028910101811,NA,NA,14.0954465372075,2.30874868854922
750,2853,"Whiskey Lake",2712,-108.810833,35.981944,14.6188597318477,2.098773701656,NA,NA,17.1959575420008,-2.57709781015305
850,10000,"Bear Lake",2778,-112.147175,36.371125,13.1066503048999,1.0829464892547,NA,NA,16.2237048759651,-3.11705457106524
850,246,"Beef Pasture",3060,-108.160375,37.473105,11.4329889087345,1.01729841222295,NA,NA,14.5692096134051,-3.1362207046706
850,2957,"Como Lake",3523,-105.514165,37.569525,10.5759811604104,0.948784495505531,NA,NA,9.55612818064036,1.01985297977007
850,504,"Crane Lake",2590,-112.148895,36.52986,14.5885274261012,0.493316433948001,NA,NA,16.989092583515,-2.40056515741386
850,11617,"Cumbres Bog",3100,-106.45052,37.021745,9.60163500283856,1.91693285217016,NA,NA,13.566567650834,-3.96493264799541
850,982,"Hay Lake",2780,-109.425,34,20.5490263210126,0.543685460826516,NA,NA,14.5992815863824,5.94974473463024
850,23930,"Hermit Lake",3450,-105.63166,38.08806,9.97307605526673,0.511818086533151,NA,NA,9.66606600072523,0.3070100545415
850,1127,"Jacob Lake",2285,-110.833333,34.333333,18.4123799355699,0.580516612654565,NA,NA,19.6497237109958,-1.23734377542581
850,1609,"Long Lake",2727,-108.833333,36.005556,17.1272612359551,NA,0,NA,17.1470272900194,-0.0197660540643625
850,1705,"Molas Lake",3200,-107.682735,37.74759,12.0384765008547,0.334367546099538,NA,NA,11.890517896094,0.147958604760694
850,13683,"Purple Lake",3226,-111.57115,38.07438,11.5984489944198,0.416310467710213,NA,NA,12.5737202900019,-0.975271295582075
850,24232,"Soldier Creek Meadow",2860,-109.92042,32.70177,15.9128464925289,0.44376052531984,NA,NA,14.0954465372075,1.8173999553214
850,2853,"Whiskey Lake",2712,-108.810833,35.981944,15.782969323624,1.87200154654449,NA,NA,17.1959575420008,-1.41298821837679
950,10000,"Bear Lake",2778,-112.147175,36.371125,12.7799245010996,1.04467096020157,NA,NA,16.2237048759651,-3.44378037486554
950,246,"Beef Pasture",3060,-108.160375,37.473105,11.5182480611955,0.668769072474049,NA,NA,14.5692096134051,-3.05096155220963
950,2957,"Como Lake",3523,-105.514165,37.569525,10.3310196240393,0.936310054478872,NA,NA,9.55612818064036,0.774891443398976
950,11617,"Cumbres Bog",3100,-106.45052,37.021745,8.91195074848111,2.33509038121663,NA,NA,13.566567650834,-4.65461690235286
950,982,"Hay Lake",2780,-109.425,34,20.3625956318673,0.575953719055403,NA,NA,14.5992815863824,5.7633140454849
950,23930,"Hermit Lake",3450,-105.63166,38.08806,10.8613398907378,0.526114597462926,NA,NA,9.66606600072523,1.19527389001256
950,1127,"Jacob Lake",2285,-110.833333,34.333333,18.4513167085906,0.966823629124322,NA,NA,19.6497237109958,-1.19840700240514
950,1705,"Molas Lake",3200,-107.682735,37.74759,12.4073084307577,0.261051659105921,NA,NA,11.890517896094,0.516790534663684
950,13683,"Purple Lake",3226,-111.57115,38.07438,11.7250425862557,0.421673945822881,NA,NA,12.5737202900019,-0.84867770374618
950,24232,"Soldier Creek Meadow",2860,-109.92042,32.70177,16.0077624635923,0.457954705838713,NA,NA,14.0954465372075,1.9123159263848
950,2853,"Whiskey Lake",2712,-108.810833,35.981944,16.9247390309719,1.78910570696155,NA,NA,17.1959575420008,-0.271218511028913
1050,10000,"Bear Lake",2778,-112.147175,36.371125,12.55876028,1.00776332932,NA,NA,16.2237048759651,-3.66494459596517
1050,246,"Beef Pasture",3060,-108.160375,37.473105,12.312983400088,0.736675108198925,NA,NA,14.5692096134051,-2.25622621331711
1050,2957,"Como Lake",3523,-105.514165,37.569525,10.0943750061778,0.945646945176827,NA,NA,9.55612818064036,0.538246825537435
1050,11617,"Cumbres Bog",3100,-106.45052,37.021745,8.69229451912722,2.48825632072963,NA,NA,13.566567650834,-4.87427313170675
1050,23930,"Hermit Lake",3450,-105.63166,38.08806,12.2206074051047,0.601760052330762,NA,NA,9.66606600072523,2.55454140437947
1050,1127,"Jacob Lake",2285,-110.833333,34.333333,18.5247899364328,1.29061008546684,NA,NA,19.6497237109958,-1.12493377456293
1050,1705,"Molas Lake",3200,-107.682735,37.74759,12.7143607816066,0.256538050005999,NA,NA,11.890517896094,0.823842885512638
1050,13683,"Purple Lake",3226,-111.57115,38.07438,11.8492837325637,0.442399719917261,NA,NA,12.5737202900019,-0.724436557438178
1050,24232,"Soldier Creek Meadow",2860,-109.92042,32.70177,16.2070345719767,0.527349725691853,NA,NA,14.0954465372075,2.11158803476921
1050,2853,"Whiskey Lake",2712,-108.810833,35.981944,17.2597354817951,1.90594156237307,NA,NA,17.1959575420008,0.0637779397943632
1150,10000,"Bear Lake",2778,-112.147175,36.371125,12.4874863280401,1.00473067586165,NA,NA,16.2237048759651,-3.73621854792504
1150,246,"Beef Pasture",3060,-108.160375,37.473105,13.2589806028355,0.51937966506618,NA,NA,14.5692096134051,-1.31022901056957
1150,2957,"Como Lake",3523,-105.514165,37.569525,9.86236725438794,1.00950136938526,NA,NA,9.55612818064036,0.306239073747584
1150,11617,"Cumbres Bog",3100,-106.45052,37.021745,9.13054838469903,2.04343378395976,NA,NA,13.566567650834,-4.43601926613494
1150,23930,"Hermit Lake",3450,-105.63166,38.08806,13.20149072077,0.493017640005182,NA,NA,9.66606600072523,3.53542472004479
1150,1127,"Jacob Lake",2285,-110.833333,34.333333,18.6707420901208,1.15218852353928,NA,NA,19.6497237109958,-0.978981620874951
1150,1705,"Molas Lake",3200,-107.682735,37.74759,12.8049540488095,0.290747716277407,NA,NA,11.890517896094,0.914436152715522
1150,13683,"Purple Lake",3226,-111.57115,38.07438,11.9724776049739,0.534697525888426,NA,NA,12.5737202900019,-0.601242685027962
1150,24232,"Soldier Creek Meadow",2860,-109.92042,32.70177,16.1760796579329,0.534417042427218,NA,NA,14.0954465372075,2.08063312072544
1150,2853,"Whiskey Lake",2712,-108.810833,35.981944,16.6872378905518,2.38791721919564,NA,NA,17.1959575420008,-0.508719651448992
1250,10000,"Bear Lake",2778,-112.147175,36.371125,12.581783102169,1.0391182371449,NA,NA,16.2237048759651,-3.64192177379613
1250,246,"Beef Pasture",3060,-108.160375,37.473105,13.0796639433175,0.499939911916448,NA,NA,14.5692096134051,-1.48954567008759
1250,11617,"Cumbres Bog",3100,-106.45052,37.021745,10.2835512108558,2.22795974324697,NA,NA,13.566567650834,-3.28301643997819
1250,23930,"Hermit Lake",3450,-105.63166,38.08806,13.0830573999345,0.605619452483663,NA,NA,9.66606600072523,3.41699139920931
1250,1127,"Jacob Lake",2285,-110.833333,34.333333,18.9271202512492,0.711192530675215,NA,NA,19.6497237109958,-0.722603459746583
1250,1705,"Molas Lake",3200,-107.682735,37.74759,13.1676219523239,0.313080306357117,NA,NA,11.890517896094,1.27710405622991
1250,24232,"Soldier Creek Meadow",2860,-109.92042,32.70177,15.7983741864853,0.381103955410677,NA,NA,14.0954465372075,1.70292764927786
1250,2853,"Whiskey Lake",2712,-108.810833,35.981944,15.613763877717,2.56047946859326,NA,NA,17.1959575420008,-1.58219366428376
1350,10000,"Bear Lake",2778,-112.147175,36.371125,12.8191228929539,1.07534500824909,NA,NA,16.2237048759651,-3.4045819830112
1350,246,"Beef Pasture",3060,-108.160375,37.473105,13.8095702679654,0.613784552935982,NA,NA,14.5692096134051,-0.759639345439661
1350,11617,"Cumbres Bog",3100,-106.45052,37.021745,11.4776111107341,2.14025190377087,NA,NA,13.566567650834,-2.08895654009983
1350,23930,"Hermit Lake",3450,-105.63166,38.08806,12.1646576735013,0.635528046686696,NA,NA,9.66606600072523,2.49859167277605
1350,1127,"Jacob Lake",2285,-110.833333,34.333333,19.3141052435736,0.481268067064464,NA,NA,19.6497237109958,-0.33561846742214
1350,1705,"Molas Lake",3200,-107.682735,37.74759,13.9806866585798,0.365597371860946,NA,NA,11.890517896094,2.09016876248584
1350,24232,"Soldier Creek Meadow",2860,-109.92042,32.70177,15.6777452680751,0.348921769639211,NA,NA,14.0954465372075,1.58229873086761
1350,2853,"Whiskey Lake",2712,-108.810833,35.981944,14.6530808717463,2.25922659543674,NA,NA,17.1959575420008,-2.54287667025449
1450,10000,"Bear Lake",2778,-112.147175,36.371125,13.174322070702,1.08627515349637,NA,NA,16.2237048759651,-3.0493828052631
1450,246,"Beef Pasture",3060,-108.160375,37.473105,14.0932067139872,0.549902833527033,NA,NA,14.5692096134051,-0.476002899417907
1450,11617,"Cumbres Bog",3100,-106.45052,37.021745,11.8101879278509,2.17410986173082,NA,NA,13.566567650834,-1.75637972298302
1450,23930,"Hermit Lake",3450,-105.63166,38.08806,11.1540289820171,0.493158128646571,NA,NA,9.66606600072523,1.48796298129186
1450,1127,"Jacob Lake",2285,-110.833333,34.333333,19.3793742847226,0.433893238364808,NA,NA,19.6497237109958,-0.27034942627315
1450,1705,"Molas Lake",3200,-107.682735,37.74759,14.6815183805502,0.328721386602246,NA,NA,11.890517896094,2.79100048445622
1450,24232,"Soldier Creek Meadow",2860,-109.92042,32.70177,16.0439886834322,0.352439169490851,NA,NA,14.0954465372075,1.94854214622474
1450,2853,"Whiskey Lake",2712,-108.810833,35.981944,14.273907879459,2.6829978764166,NA,NA,17.1959575420008,-2.92204966254173
1550,10000,"Bear Lake",2778,-112.147175,36.371125,13.6221970057202,1.06398377651881,NA,NA,16.2237048759651,-2.60150787024493
1550,246,"Beef Pasture",3060,-108.160375,37.473105,14.7231332225323,0.68612526760582,NA,NA,14.5692096134051,0.153923609127194
1550,11617,"Cumbres Bog",3100,-106.45052,37.021745,11.0581117559527,2.30684014846622,NA,NA,13.566567650834,-2.50845589488125
1550,23930,"Hermit Lake",3450,-105.63166,38.08806,10.6409458656352,0.604696294220124,NA,NA,9.66606600072523,0.974879864909992
1550,1127,"Jacob Lake",2285,-110.833333,34.333333,18.5468934978956,0.42991550909939,NA,NA,19.6497237109958,-1.10283021310012
1550,1705,"Molas Lake",3200,-107.682735,37.74759,14.6560201417958,0.300524367797132,NA,NA,11.890517896094,2.76550224570178
1550,24232,"Soldier Creek Meadow",2860,-109.92042,32.70177,16.1270185763148,0.528311380982287,NA,NA,14.0954465372075,2.03157203910736
1550,2853,"Whiskey Lake",2712,-108.810833,35.981944,14.3512830131368,2.47025942306214,NA,NA,17.1959575420008,-2.844674528864
1650,10000,"Bear Lake",2778,-112.147175,36.371125,14.1375640683157,1.02715820273525,NA,NA,16.2237048759651,-2.08614080764947
1650,246,"Beef Pasture",3060,-108.160375,37.473105,14.1924539982699,0.588254087144563,NA,NA,14.5692096134051,-0.376755615135234
1650,11617,"Cumbres Bog",3100,-106.45052,37.021745,9.7526128080376,2.25774507559849,NA,NA,13.566567650834,-3.81395484279637
1650,23930,"Hermit Lake",3450,-105.63166,38.08806,10.6273763650473,0.598674359953978,NA,NA,9.66606600072523,0.96131036432203
1650,1127,"Jacob Lake",2285,-110.833333,34.333333,17.9516134400835,0.485424840538962,NA,NA,19.6497237109958,-1.69811027091225
1650,1705,"Molas Lake",3200,-107.682735,37.74759,13.7693289909479,0.273324633527708,NA,NA,11.890517896094,1.87881109485396
1650,24232,"Soldier Creek Meadow",2860,-109.92042,32.70177,16.0528183601915,0.886162856383395,NA,NA,14.0954465372075,1.95737182298402
1650,2853,"Whiskey Lake",2712,-108.810833,35.981944,14.613461583579,3.025738859711,NA,NA,17.1959575420008,-2.58249595842181
1750,10000,"Bear Lake",2778,-112.147175,36.371125,14.6952396287951,1.03344916753497,NA,NA,16.2237048759651,-1.52846524717001
1750,246,"Beef Pasture",3060,-108.160375,37.473105,12.9320866995334,0.567883795327726,NA,NA,14.5692096134051,-1.63712291387169
1750,23930,"Hermit Lake",3450,-105.63166,38.08806,10.9341038670016,0.47220942718674,NA,NA,9.66606600072523,1.26803786627639
1750,1127,"Jacob Lake",2285,-110.833333,34.333333,17.6972911336161,0.725628376045305,NA,NA,19.6497237109958,-1.95243257737965
1750,1705,"Molas Lake",3200,-107.682735,37.74759,12.3476675401466,0.269705208757398,NA,NA,11.890517896094,0.457149644052597
1750,24232,"Soldier Creek Meadow",2860,-109.92042,32.70177,15.8907466561075,0.982190903105564,NA,NA,14.0954465372075,1.79530011890004
1850,10000,"Bear Lake",2778,-112.147175,36.371125,15.2701775936623,1.17315669322907,NA,NA,16.2237048759651,-0.953527282302854
1850,246,"Beef Pasture",3060,-108.160375,37.473105,14.0809793025473,0.555170828752964,NA,NA,14.5692096134051,-0.488230310857761
1850,23930,"Hermit Lake",3450,-105.63166,38.08806,11.3298493155678,0.472574713195903,NA,NA,9.66606600072523,1.66378331484255
1850,24232,"Soldier Creek Meadow",2860,-109.92042,32.70177,15.6747306794918,0.685928959248902,NA,NA,14.0954465372075,1.57928414228427
-3450,246,"Beef Pasture",3060,-108.160375,37.473105,13.0151791623468,3.2871267799196,NA,NA,14.5692096134051,-1.55403045105832
-3450,2957,"Como Lake",3523,-105.514165,37.569525,10.4240197024398,1.01882792640764,NA,NA,9.55612818064036,0.867891521799427
-3450,13683,"Purple Lake",3226,-111.57115,38.07438,11.5064484825954,0.454900171743913,NA,NA,12.5737202900019,-1.06727180740645
1950,246,"Beef Pasture",3060,-108.160375,37.473105,15.293271348212,0.448849773428574,NA,NA,14.5692096134051,0.724061734806927
1950,23930,"Hermit Lake",3450,-105.63166,38.08806,11.4459611458903,0.242793840515777,NA,NA,9.66606600072523,1.77989514516511
1950,24232,"Soldier Creek Meadow",2860,-109.92042,32.70177,15.4383079295039,0.780167568903775,NA,NA,14.0954465372075,1.34286139229646
