"sample.id","value","dataset.id","site.id","site.name","depth","elev","type","pub_year","age","geometry"
3381,15.3,250,246,"Beef Pasture",0.5,3060,"fossil",1985,0,c(-108.160375, 37.473105)
3382,15.3,250,246,"Beef Pasture",2.5,3060,"fossil",1985,-3,c(-108.160375, 37.473105)
3383,14.75,250,246,"Beef Pasture",4,3060,"fossil",1985,9,c(-108.160375, 37.473105)
3384,15.3,250,246,"Beef Pasture",6,3060,"fossil",1985,24,c(-108.160375, 37.473105)
3385,14.1,250,246,"Beef Pasture",8.5,3060,"fossil",1985,43,c(-108.160375, 37.473105)
3386,15.3,250,246,"Beef Pasture",10.5,3060,"fossil",1985,61,c(-108.160375, 37.473105)
3387,15.3,250,246,"Beef Pasture",12.5,3060,"fossil",1985,89,c(-108.160375, 37.473105)
3388,15.3,250,246,"Beef Pasture",14.5,3060,"fossil",1985,116,c(-108.160375, 37.473105)
3389,15.3,250,246,"Beef Pasture",16.5,3060,"fossil",1985,145,c(-108.160375, 37.473105)
3390,15.3,250,246,"Beef Pasture",18,3060,"fossil",1985,166,c(-108.160375, 37.473105)
3391,15.3,250,246,"Beef Pasture",20,3060,"fossil",1985,194,c(-108.160375, 37.473105)
3392,12.8,250,246,"Beef Pasture",22,3060,"fossil",1985,224,c(-108.160375, 37.473105)
3393,14.75,250,246,"Beef Pasture",24,3060,"fossil",1985,254,c(-108.160375, 37.473105)
3394,14.75,250,246,"Beef Pasture",26,3060,"fossil",1985,284,c(-108.160375, 37.473105)
3395,14.75,250,246,"Beef Pasture",28,3060,"fossil",1985,314,c(-108.160375, 37.473105)
3396,15.3,250,246,"Beef Pasture",30,3060,"fossil",1985,343,c(-108.160375, 37.473105)
3397,14.75,250,246,"Beef Pasture",32,3060,"fossil",1985,373,c(-108.160375, 37.473105)
3398,14.75,250,246,"Beef Pasture",34,3060,"fossil",1985,404,c(-108.160375, 37.473105)
3399,12.8,250,246,"Beef Pasture",36,3060,"fossil",1985,433,c(-108.160375, 37.473105)
3400,15.3,250,246,"Beef Pasture",38,3060,"fossil",1985,462,c(-108.160375, 37.473105)
3401,15.3,250,246,"Beef Pasture",40,3060,"fossil",1985,491,c(-108.160375, 37.473105)
3402,15.3,250,246,"Beef Pasture",42,3060,"fossil",1985,521,c(-108.160375, 37.473105)
3403,15.3,250,246,"Beef Pasture",44,3060,"fossil",1985,550,c(-108.160375, 37.473105)
3404,15.3,250,246,"Beef Pasture",46,3060,"fossil",1985,580,c(-108.160375, 37.473105)
3405,15.3,250,246,"Beef Pasture",48,3060,"fossil",1985,609,c(-108.160375, 37.473105)
3406,15.3,250,246,"Beef Pasture",50,3060,"fossil",1985,638,c(-108.160375, 37.473105)
3407,15.05,250,246,"Beef Pasture",52,3060,"fossil",1985,666,c(-108.160375, 37.473105)
3408,15.3,250,246,"Beef Pasture",54,3060,"fossil",1985,695,c(-108.160375, 37.473105)
3409,15.3,250,246,"Beef Pasture",56,3060,"fossil",1985,721,c(-108.160375, 37.473105)
3410,15.3,250,246,"Beef Pasture",58,3060,"fossil",1985,744,c(-108.160375, 37.473105)
3411,15.3,250,246,"Beef Pasture",60,3060,"fossil",1985,767,c(-108.160375, 37.473105)
3412,11.9,250,246,"Beef Pasture",62.5,3060,"fossil",1985,796,c(-108.160375, 37.473105)
3413,11.9,250,246,"Beef Pasture",65,3060,"fossil",1985,826,c(-108.160375, 37.473105)
3414,14.75,250,246,"Beef Pasture",67.5,3060,"fossil",1985,855,c(-108.160375, 37.473105)
3415,14.75,250,246,"Beef Pasture",70,3060,"fossil",1985,885,c(-108.160375, 37.473105)
3416,16.95,250,246,"Beef Pasture",75,3060,"fossil",1985,947,c(-108.160375, 37.473105)
3417,14.75,250,246,"Beef Pasture",77.5,3060,"fossil",1985,977,c(-108.160375, 37.473105)
3418,14.75,250,246,"Beef Pasture",80,3060,"fossil",1985,1006,c(-108.160375, 37.473105)
3419,14.75,250,246,"Beef Pasture",82.5,3060,"fossil",1985,1036,c(-108.160375, 37.473105)
3420,11.85,250,246,"Beef Pasture",85,3060,"fossil",1985,1066,c(-108.160375, 37.473105)
3421,14.75,250,246,"Beef Pasture",87.5,3060,"fossil",1985,1096,c(-108.160375, 37.473105)
3422,14.75,250,246,"Beef Pasture",90,3060,"fossil",1985,1125,c(-108.160375, 37.473105)
3423,14.75,250,246,"Beef Pasture",92.5,3060,"fossil",1985,1154,c(-108.160375, 37.473105)
3424,11.9,250,246,"Beef Pasture",95,3060,"fossil",1985,1183,c(-108.160375, 37.473105)
3425,14.75,250,246,"Beef Pasture",97.5,3060,"fossil",1985,1211,c(-108.160375, 37.473105)
3426,14.75,250,246,"Beef Pasture",100,3060,"fossil",1985,1240,c(-108.160375, 37.473105)
3427,11.9,250,246,"Beef Pasture",102.5,3060,"fossil",1985,1270,c(-108.160375, 37.473105)
3428,11.9,250,246,"Beef Pasture",105,3060,"fossil",1985,1299,c(-108.160375, 37.473105)
3429,11.9,250,246,"Beef Pasture",107.5,3060,"fossil",1985,1329,c(-108.160375, 37.473105)
3430,11.9,250,246,"Beef Pasture",110,3060,"fossil",1985,1358,c(-108.160375, 37.473105)
3431,15.3,250,246,"Beef Pasture",112.5,3060,"fossil",1985,1387,c(-108.160375, 37.473105)
3432,14.75,250,246,"Beef Pasture",115,3060,"fossil",1985,1416,c(-108.160375, 37.473105)
3433,14.75,250,246,"Beef Pasture",117.5,3060,"fossil",1985,1445,c(-108.160375, 37.473105)
3434,15.3,250,246,"Beef Pasture",120,3060,"fossil",1985,1474,c(-108.160375, 37.473105)
3435,11.9,250,246,"Beef Pasture",125,3060,"fossil",1985,1537,c(-108.160375, 37.473105)
3436,11.9,250,246,"Beef Pasture",130,3060,"fossil",1985,1611,c(-108.160375, 37.473105)
3437,15.3,250,246,"Beef Pasture",135,3060,"fossil",1985,1687,c(-108.160375, 37.473105)
3438,15.3,250,246,"Beef Pasture",140,3060,"fossil",1985,1761,c(-108.160375, 37.473105)
3439,15.3,250,246,"Beef Pasture",145,3060,"fossil",1985,1837,c(-108.160375, 37.473105)
3440,11.9,250,246,"Beef Pasture",150,3060,"fossil",1985,1911,c(-108.160375, 37.473105)
3441,11.9,250,246,"Beef Pasture",155,3060,"fossil",1985,1986,c(-108.160375, 37.473105)
3442,15.3,250,246,"Beef Pasture",160,3060,"fossil",1985,2062,c(-108.160375, 37.473105)
3443,15.3,250,246,"Beef Pasture",165,3060,"fossil",1985,2139,c(-108.160375, 37.473105)
3444,15.3,250,246,"Beef Pasture",175,3060,"fossil",1985,2289,c(-108.160375, 37.473105)
3445,15.3,250,246,"Beef Pasture",185,3060,"fossil",1985,2441,c(-108.160375, 37.473105)
3446,15.3,250,246,"Beef Pasture",195,3060,"fossil",1985,2592,c(-108.160375, 37.473105)
3447,15.3,250,246,"Beef Pasture",205,3060,"fossil",1985,2743,c(-108.160375, 37.473105)
3448,15.3,250,246,"Beef Pasture",215,3060,"fossil",1985,2865,c(-108.160375, 37.473105)
3449,11.9,250,246,"Beef Pasture",225,3060,"fossil",1985,2988,c(-108.160375, 37.473105)
3450,15.3,250,246,"Beef Pasture",230,3060,"fossil",1985,3050,c(-108.160375, 37.473105)
3451,21.6,250,246,"Beef Pasture",235,3060,"fossil",1985,3112,c(-108.160375, 37.473105)
3452,11.9,250,246,"Beef Pasture",245,3060,"fossil",1985,3271,c(-108.160375, 37.473105)
3453,10.65,250,246,"Beef Pasture",260,3060,"fossil",1985,3578,c(-108.160375, 37.473105)
3454,13,250,246,"Beef Pasture",267,3060,"fossil",1985,3722,c(-108.160375, 37.473105)
3455,10.8,250,246,"Beef Pasture",275,3060,"fossil",1985,3886,c(-108.160375, 37.473105)
3456,15.8,250,246,"Beef Pasture",285,3060,"fossil",1985,4093,c(-108.160375, 37.473105)
3457,11.85,250,246,"Beef Pasture",295,3060,"fossil",1985,4299,c(-108.160375, 37.473105)
3458,13,250,246,"Beef Pasture",305,3060,"fossil",1985,4498,c(-108.160375, 37.473105)
3459,15.3,250,246,"Beef Pasture",315,3060,"fossil",1985,4645,c(-108.160375, 37.473105)
3460,11.9,250,246,"Beef Pasture",325,3060,"fossil",1985,4791,c(-108.160375, 37.473105)
3461,15.9,250,246,"Beef Pasture",335,3060,"fossil",1985,4935,c(-108.160375, 37.473105)
3462,15.9,250,246,"Beef Pasture",338,3060,"fossil",1985,4981,c(-108.160375, 37.473105)
3463,11.9,250,246,"Beef Pasture",345,3060,"fossil",1985,5137,c(-108.160375, 37.473105)
3464,11.9,250,246,"Beef Pasture",348,3060,"fossil",1985,5212,c(-108.160375, 37.473105)
3465,11.9,250,246,"Beef Pasture",358,3060,"fossil",1985,5415,c(-108.160375, 37.473105)
3467,10.1,250,246,"Beef Pasture",378,3060,"fossil",1985,5786,c(-108.160375, 37.473105)
3468,11.9,250,246,"Beef Pasture",382,3060,"fossil",1985,5851,c(-108.160375, 37.473105)
3470,19.3,250,246,"Beef Pasture",392,3060,"fossil",1985,6014,c(-108.160375, 37.473105)
8110,15.3,347,339,"Cascade Fen [Engineer Mountain Bog]",2,2690,"fossil",1961,14,c(-107.808675, 37.647645)
8111,15.3,347,339,"Cascade Fen [Engineer Mountain Bog]",7,2690,"fossil",1961,82,c(-107.808675, 37.647645)
8112,12.15,347,339,"Cascade Fen [Engineer Mountain Bog]",12,2690,"fossil",1961,151,c(-107.808675, 37.647645)
8113,15.3,347,339,"Cascade Fen [Engineer Mountain Bog]",17,2690,"fossil",1961,221,c(-107.808675, 37.647645)
8114,15.3,347,339,"Cascade Fen [Engineer Mountain Bog]",22,2690,"fossil",1961,291,c(-107.808675, 37.647645)
8115,15.3,347,339,"Cascade Fen [Engineer Mountain Bog]",27,2690,"fossil",1961,361,c(-107.808675, 37.647645)
8116,15.3,347,339,"Cascade Fen [Engineer Mountain Bog]",32,2690,"fossil",1961,431,c(-107.808675, 37.647645)
8117,9.1,347,339,"Cascade Fen [Engineer Mountain Bog]",37,2690,"fossil",1961,501,c(-107.808675, 37.647645)
8118,15.3,347,339,"Cascade Fen [Engineer Mountain Bog]",42,2690,"fossil",1961,571,c(-107.808675, 37.647645)
8119,15.3,347,339,"Cascade Fen [Engineer Mountain Bog]",47,2690,"fossil",1961,639,c(-107.808675, 37.647645)
8120,15.3,347,339,"Cascade Fen [Engineer Mountain Bog]",52,2690,"fossil",1961,709,c(-107.808675, 37.647645)
8121,15.3,347,339,"Cascade Fen [Engineer Mountain Bog]",57,2690,"fossil",1961,780,c(-107.808675, 37.647645)
8122,15.3,347,339,"Cascade Fen [Engineer Mountain Bog]",62,2690,"fossil",1961,848,c(-107.808675, 37.647645)
8123,15.3,347,339,"Cascade Fen [Engineer Mountain Bog]",67,2690,"fossil",1961,917,c(-107.808675, 37.647645)
8124,15.3,347,339,"Cascade Fen [Engineer Mountain Bog]",72,2690,"fossil",1961,987,c(-107.808675, 37.647645)
8125,15.3,347,339,"Cascade Fen [Engineer Mountain Bog]",77,2690,"fossil",1961,1057,c(-107.808675, 37.647645)
8126,15.3,347,339,"Cascade Fen [Engineer Mountain Bog]",82,2690,"fossil",1961,1127,c(-107.808675, 37.647645)
8127,9.25,347,339,"Cascade Fen [Engineer Mountain Bog]",87,2690,"fossil",1961,1197,c(-107.808675, 37.647645)
8128,15.3,347,339,"Cascade Fen [Engineer Mountain Bog]",92,2690,"fossil",1961,1266,c(-107.808675, 37.647645)
8129,15.3,347,339,"Cascade Fen [Engineer Mountain Bog]",97,2690,"fossil",1961,1336,c(-107.808675, 37.647645)
8130,15.3,347,339,"Cascade Fen [Engineer Mountain Bog]",101,2690,"fossil",1961,1391,c(-107.808675, 37.647645)
8131,15.3,347,339,"Cascade Fen [Engineer Mountain Bog]",105,2690,"fossil",1961,1447,c(-107.808675, 37.647645)
8132,15.3,347,339,"Cascade Fen [Engineer Mountain Bog]",110,2690,"fossil",1961,1515,c(-107.808675, 37.647645)
8133,15.3,347,339,"Cascade Fen [Engineer Mountain Bog]",116,2690,"fossil",1961,1599,c(-107.808675, 37.647645)
8134,15.3,347,339,"Cascade Fen [Engineer Mountain Bog]",121,2690,"fossil",1961,1669,c(-107.808675, 37.647645)
8135,15.3,347,339,"Cascade Fen [Engineer Mountain Bog]",126,2690,"fossil",1961,1739,c(-107.808675, 37.647645)
8136,14.65,347,339,"Cascade Fen [Engineer Mountain Bog]",129,2690,"fossil",1961,1780,c(-107.808675, 37.647645)
8137,14.65,347,339,"Cascade Fen [Engineer Mountain Bog]",132,2690,"fossil",1961,1821,c(-107.808675, 37.647645)
8138,11.85,347,339,"Cascade Fen [Engineer Mountain Bog]",134,2690,"fossil",1961,1849,c(-107.808675, 37.647645)
8139,10.8,347,339,"Cascade Fen [Engineer Mountain Bog]",137,2690,"fossil",1961,1891,c(-107.808675, 37.647645)
8140,15.3,347,339,"Cascade Fen [Engineer Mountain Bog]",139,2690,"fossil",1961,1920,c(-107.808675, 37.647645)
8141,15.3,347,339,"Cascade Fen [Engineer Mountain Bog]",142,2690,"fossil",1961,1961,c(-107.808675, 37.647645)
8142,15.3,347,339,"Cascade Fen [Engineer Mountain Bog]",147,2690,"fossil",1961,2030,c(-107.808675, 37.647645)
8143,15.3,347,339,"Cascade Fen [Engineer Mountain Bog]",153,2690,"fossil",1961,2112,c(-107.808675, 37.647645)
8144,15.3,347,339,"Cascade Fen [Engineer Mountain Bog]",158,2690,"fossil",1961,2182,c(-107.808675, 37.647645)
8145,10.8,347,339,"Cascade Fen [Engineer Mountain Bog]",161,2690,"fossil",1961,2224,c(-107.808675, 37.647645)
8146,11.85,347,339,"Cascade Fen [Engineer Mountain Bog]",163,2690,"fossil",1961,2252,c(-107.808675, 37.647645)
8147,11.85,347,339,"Cascade Fen [Engineer Mountain Bog]",166,2690,"fossil",1961,2293,c(-107.808675, 37.647645)
8148,15.3,347,339,"Cascade Fen [Engineer Mountain Bog]",168,2690,"fossil",1961,2321,c(-107.808675, 37.647645)
8149,12.65,347,339,"Cascade Fen [Engineer Mountain Bog]",190,2690,"fossil",1961,2625,c(-107.808675, 37.647645)
8150,7.9,347,339,"Cascade Fen [Engineer Mountain Bog]",195,2690,"fossil",1961,2692,c(-107.808675, 37.647645)
8151,11.5,347,339,"Cascade Fen [Engineer Mountain Bog]",200,2690,"fossil",1961,2693,c(-107.808675, 37.647645)
8152,12.65,347,339,"Cascade Fen [Engineer Mountain Bog]",202,2690,"fossil",1961,2765,c(-107.808675, 37.647645)
8153,11.9,347,339,"Cascade Fen [Engineer Mountain Bog]",207,2690,"fossil",1961,2942,c(-107.808675, 37.647645)
8154,11.9,347,339,"Cascade Fen [Engineer Mountain Bog]",212,2690,"fossil",1961,3123,c(-107.808675, 37.647645)
8155,11.9,347,339,"Cascade Fen [Engineer Mountain Bog]",216,2690,"fossil",1961,3266,c(-107.808675, 37.647645)
8156,10.65,347,339,"Cascade Fen [Engineer Mountain Bog]",221,2690,"fossil",1961,3446,c(-107.808675, 37.647645)
8157,12.65,347,339,"Cascade Fen [Engineer Mountain Bog]",226,2690,"fossil",1961,3626,c(-107.808675, 37.647645)
8158,12.65,347,339,"Cascade Fen [Engineer Mountain Bog]",230,2690,"fossil",1961,3768,c(-107.808675, 37.647645)
8159,12.65,347,339,"Cascade Fen [Engineer Mountain Bog]",235,2690,"fossil",1961,3949,c(-107.808675, 37.647645)
8160,10.65,347,339,"Cascade Fen [Engineer Mountain Bog]",240,2690,"fossil",1961,4126,c(-107.808675, 37.647645)
8161,12.65,347,339,"Cascade Fen [Engineer Mountain Bog]",247,2690,"fossil",1961,4380,c(-107.808675, 37.647645)
8162,11.5,347,339,"Cascade Fen [Engineer Mountain Bog]",249,2690,"fossil",1961,4452,c(-107.808675, 37.647645)
8163,11.5,347,339,"Cascade Fen [Engineer Mountain Bog]",258,2690,"fossil",1961,4760,c(-107.808675, 37.647645)
8164,15.8,347,339,"Cascade Fen [Engineer Mountain Bog]",267,2690,"fossil",1961,5033,c(-107.808675, 37.647645)
8165,10.65,347,339,"Cascade Fen [Engineer Mountain Bog]",270,2690,"fossil",1961,5126,c(-107.808675, 37.647645)
8166,12.65,347,339,"Cascade Fen [Engineer Mountain Bog]",272,2690,"fossil",1961,5185,c(-107.808675, 37.647645)
8167,10.65,347,339,"Cascade Fen [Engineer Mountain Bog]",277,2690,"fossil",1961,5335,c(-107.808675, 37.647645)
8168,11.9,347,339,"Cascade Fen [Engineer Mountain Bog]",281,2690,"fossil",1961,5457,c(-107.808675, 37.647645)
8169,12.65,347,339,"Cascade Fen [Engineer Mountain Bog]",286,2690,"fossil",1961,5607,c(-107.808675, 37.647645)
8170,14.45,347,339,"Cascade Fen [Engineer Mountain Bog]",291,2690,"fossil",1961,5759,c(-107.808675, 37.647645)
8171,11.5,347,339,"Cascade Fen [Engineer Mountain Bog]",293,2690,"fossil",1961,5821,c(-107.808675, 37.647645)
8172,12.65,347,339,"Cascade Fen [Engineer Mountain Bog]",295,2690,"fossil",1961,5880,c(-107.808675, 37.647645)
10564,15.05,498,486,"Columbine Ranch Fen",5,2694,"fossil",1961,195,c(-107.81571, 37.60664)
10565,12.65,498,486,"Columbine Ranch Fen",10,2694,"fossil",1961,413,c(-107.81571, 37.60664)
10566,11.9,498,486,"Columbine Ranch Fen",15,2694,"fossil",1961,630,c(-107.81571, 37.60664)
10567,14.75,498,486,"Columbine Ranch Fen",20,2694,"fossil",1961,850,c(-107.81571, 37.60664)
10568,14.75,498,486,"Columbine Ranch Fen",25,2694,"fossil",1961,1072,c(-107.81571, 37.60664)
10569,14.75,498,486,"Columbine Ranch Fen",30,2694,"fossil",1961,1287,c(-107.81571, 37.60664)
10570,12.65,498,486,"Columbine Ranch Fen",35,2694,"fossil",1961,1502,c(-107.81571, 37.60664)
10571,14.75,498,486,"Columbine Ranch Fen",40,2694,"fossil",1961,1723,c(-107.81571, 37.60664)
10572,12.65,498,486,"Columbine Ranch Fen",45,2694,"fossil",1961,1939,c(-107.81571, 37.60664)
10573,12.65,498,486,"Columbine Ranch Fen",50,2694,"fossil",1961,2157,c(-107.81571, 37.60664)
10574,14.75,498,486,"Columbine Ranch Fen",55,2694,"fossil",1961,2367,c(-107.81571, 37.60664)
10575,14.75,498,486,"Columbine Ranch Fen",60,2694,"fossil",1961,2582,c(-107.81571, 37.60664)
10576,12.65,498,486,"Columbine Ranch Fen",65,2694,"fossil",1961,2798,c(-107.81571, 37.60664)
10577,14.75,498,486,"Columbine Ranch Fen",70,2694,"fossil",1961,3009,c(-107.81571, 37.60664)
10578,14.75,498,486,"Columbine Ranch Fen",75,2694,"fossil",1961,3228,c(-107.81571, 37.60664)
10579,12.65,498,486,"Columbine Ranch Fen",80,2694,"fossil",1961,3447,c(-107.81571, 37.60664)
10580,12.65,498,486,"Columbine Ranch Fen",85,2694,"fossil",1961,3669,c(-107.81571, 37.60664)
10581,12.65,498,486,"Columbine Ranch Fen",90,2694,"fossil",1961,3890,c(-107.81571, 37.60664)
10582,11.9,498,486,"Columbine Ranch Fen",95,2694,"fossil",1961,4111,c(-107.81571, 37.60664)
10583,12.65,498,486,"Columbine Ranch Fen",100,2694,"fossil",1961,4326,c(-107.81571, 37.60664)
10584,12.65,498,486,"Columbine Ranch Fen",105,2694,"fossil",1961,4543,c(-107.81571, 37.60664)
10585,12.65,498,486,"Columbine Ranch Fen",110,2694,"fossil",1961,4763,c(-107.81571, 37.60664)
10586,12.65,498,486,"Columbine Ranch Fen",115,2694,"fossil",1961,4985,c(-107.81571, 37.60664)
10587,12.65,498,486,"Columbine Ranch Fen",120,2694,"fossil",1961,5207,c(-107.81571, 37.60664)
10588,15.2,498,486,"Columbine Ranch Fen",125,2694,"fossil",1961,5423,c(-107.81571, 37.60664)
10589,12.65,498,486,"Columbine Ranch Fen",130,2694,"fossil",1961,5643,c(-107.81571, 37.60664)
10590,12.65,498,486,"Columbine Ranch Fen",135,2694,"fossil",1961,5856,c(-107.81571, 37.60664)
10591,12.65,498,486,"Columbine Ranch Fen",140,2694,"fossil",1961,6074,c(-107.81571, 37.60664)
11534,12.15,517,504,"Crane Lake",20,2590,"fossil",1989,1121,c(-112.148895, 36.52986)
11535,16.65,517,504,"Crane Lake",40,2590,"fossil",1989,2299,c(-112.148895, 36.52986)
11536,10.8,517,504,"Crane Lake",60,2590,"fossil",1989,3312,c(-112.148895, 36.52986)
11537,10.8,517,504,"Crane Lake",80,2590,"fossil",1989,4025,c(-112.148895, 36.52986)
11538,16.95,517,504,"Crane Lake",100,2590,"fossil",1989,4762,c(-112.148895, 36.52986)
11539,15.3,517,504,"Crane Lake",120,2590,"fossil",1989,5327,c(-112.148895, 36.52986)
11540,15.3,517,504,"Crane Lake",140,2590,"fossil",1989,5873,c(-112.148895, 36.52986)
21844,14.6,1013,982,"Hay Lake",9,2780,"fossil",1983,958,c(-109.425, 34)
21845,21.95,1013,982,"Hay Lake",17,2780,"fossil",1983,1809,c(-109.425, 34)
21846,19.2,1013,982,"Hay Lake",21,2780,"fossil",1983,2235,c(-109.425, 34)
21847,16.85,1013,982,"Hay Lake",34,2780,"fossil",1983,3618,c(-109.425, 34)
21848,21.95,1013,982,"Hay Lake",48,2780,"fossil",1983,5108,c(-109.425, 34)
24347,19.65,1162,1127,"Jacob Lake",9,2285,"fossil",1983,233,c(-110.833333, 34.333333)
24348,18,1162,1127,"Jacob Lake",15,2285,"fossil",1983,388,c(-110.833333, 34.333333)
24349,20.95,1162,1127,"Jacob Lake",19,2285,"fossil",1983,491,c(-110.833333, 34.333333)
24350,20.95,1162,1127,"Jacob Lake",25,2285,"fossil",1983,647,c(-110.833333, 34.333333)
24351,16.8,1162,1127,"Jacob Lake",33,2285,"fossil",1983,1091,c(-110.833333, 34.333333)
31510,20.85,1660,1609,"Long Lake",10,2727,"fossil",1964,1111,c(-108.833333, 36.005556)
31511,9.8,1660,1609,"Long Lake",18,2727,"fossil",1964,2000,c(-108.833333, 36.005556)
34305,10.8,1717,1661,"Mayberry Well",47,2080,"fossil",1990,4981,c(-108.3, 33.7)
35228,11.85,1761,1705,"Molas Lake",2,3200,"fossil",1961,174,c(-107.682735, 37.74759)
35229,11.85,1761,1705,"Molas Lake",3,3200,"fossil",1961,267,c(-107.682735, 37.74759)
35230,16.15,1761,1705,"Molas Lake",5,3200,"fossil",1961,452,c(-107.682735, 37.74759)
35231,11.85,1761,1705,"Molas Lake",8,3200,"fossil",1961,729,c(-107.682735, 37.74759)
35232,11.85,1761,1705,"Molas Lake",10,3200,"fossil",1961,914,c(-107.682735, 37.74759)
35233,11.85,1761,1705,"Molas Lake",11,3200,"fossil",1961,1007,c(-107.682735, 37.74759)
35234,11.85,1761,1705,"Molas Lake",14,3200,"fossil",1961,1284,c(-107.682735, 37.74759)
35235,11.85,1761,1705,"Molas Lake",14.2,3200,"fossil",1961,1303,c(-107.682735, 37.74759)
35236,11.85,1761,1705,"Molas Lake",16.8,3200,"fossil",1961,1544,c(-107.682735, 37.74759)
35237,11.85,1761,1705,"Molas Lake",18,3200,"fossil",1961,1655,c(-107.682735, 37.74759)
35238,11.85,1761,1705,"Molas Lake",19.2,3200,"fossil",1961,1766,c(-107.682735, 37.74759)
35239,11.85,1761,1705,"Molas Lake",21,3200,"fossil",1961,1932,c(-107.682735, 37.74759)
35240,11.85,1761,1705,"Molas Lake",21.8,3200,"fossil",1961,2006,c(-107.682735, 37.74759)
35241,11.85,1761,1705,"Molas Lake",23,3200,"fossil",1961,2117,c(-107.682735, 37.74759)
35242,11.85,1761,1705,"Molas Lake",24.2,3200,"fossil",1961,2228,c(-107.682735, 37.74759)
35243,11.85,1761,1705,"Molas Lake",26,3200,"fossil",1961,2395,c(-107.682735, 37.74759)
35244,11.85,1761,1705,"Molas Lake",28,3200,"fossil",1961,2580,c(-107.682735, 37.74759)
35245,11.85,1761,1705,"Molas Lake",28.5,3200,"fossil",1961,2626,c(-107.682735, 37.74759)
35246,11.85,1761,1705,"Molas Lake",31,3200,"fossil",1961,2858,c(-107.682735, 37.74759)
35247,11.85,1761,1705,"Molas Lake",32.5,3200,"fossil",1961,2996,c(-107.682735, 37.74759)
35248,11.85,1761,1705,"Molas Lake",33.5,3200,"fossil",1961,3089,c(-107.682735, 37.74759)
35249,11.85,1761,1705,"Molas Lake",38.2,3200,"fossil",1961,3524,c(-107.682735, 37.74759)
35250,11.85,1761,1705,"Molas Lake",44,3200,"fossil",1961,4060,c(-107.682735, 37.74759)
35251,11.85,1761,1705,"Molas Lake",49.8,3200,"fossil",1961,4597,c(-107.682735, 37.74759)
35252,12.15,1761,1705,"Molas Lake",55.5,3200,"fossil",1961,5125,c(-107.682735, 37.74759)
35301,11.9,1762,1706,"Molas Pass Bog",5,3220,"fossil",1961,370,c(-107.6975, 37.737778)
35302,11.9,1762,1706,"Molas Pass Bog",10,3220,"fossil",1961,751,c(-107.6975, 37.737778)
35303,11.9,1762,1706,"Molas Pass Bog",15,3220,"fossil",1961,1132,c(-107.6975, 37.737778)
35304,11.9,1762,1706,"Molas Pass Bog",20,3220,"fossil",1961,1512,c(-107.6975, 37.737778)
35305,14.75,1762,1706,"Molas Pass Bog",25,3220,"fossil",1961,1893,c(-107.6975, 37.737778)
35306,11.9,1762,1706,"Molas Pass Bog",30,3220,"fossil",1961,2274,c(-107.6975, 37.737778)
35307,11.9,1762,1706,"Molas Pass Bog",35,3220,"fossil",1961,2655,c(-107.6975, 37.737778)
35308,11.9,1762,1706,"Molas Pass Bog",40,3220,"fossil",1961,3036,c(-107.6975, 37.737778)
35309,11.9,1762,1706,"Molas Pass Bog",45,3220,"fossil",1961,3417,c(-107.6975, 37.737778)
35310,11.9,1762,1706,"Molas Pass Bog",50,3220,"fossil",1961,3798,c(-107.6975, 37.737778)
35311,11.9,1762,1706,"Molas Pass Bog",55,3220,"fossil",1961,4178,c(-107.6975, 37.737778)
35312,12.75,1762,1706,"Molas Pass Bog",57,3220,"fossil",1961,4331,c(-107.6975, 37.737778)
35313,11.9,1762,1706,"Molas Pass Bog",60,3220,"fossil",1961,4559,c(-107.6975, 37.737778)
35314,15.3,1762,1706,"Molas Pass Bog",65,3220,"fossil",1961,4940,c(-107.6975, 37.737778)
35315,15.3,1762,1706,"Molas Pass Bog",70,3220,"fossil",1961,5258,c(-107.6975, 37.737778)
35439,27.65,1766,1710,"Montezuma Well",5,1081,"fossil",1989,-2,c(-111.75225, 34.6492)
35440,27.65,1766,1710,"Montezuma Well",10,1081,"fossil",1989,30,c(-111.75225, 34.6492)
35441,27.65,1766,1710,"Montezuma Well",22,1081,"fossil",1989,112,c(-111.75225, 34.6492)
35442,27.65,1766,1710,"Montezuma Well",42,1081,"fossil",1989,250,c(-111.75225, 34.6492)
35443,27.65,1766,1710,"Montezuma Well",61,1081,"fossil",1989,381,c(-111.75225, 34.6492)
35444,16.95,1766,1710,"Montezuma Well",80,1081,"fossil",1989,508,c(-111.75225, 34.6492)
35445,27.65,1766,1710,"Montezuma Well",100,1081,"fossil",1989,646,c(-111.75225, 34.6492)
35446,27.65,1766,1710,"Montezuma Well",118,1081,"fossil",1989,772,c(-111.75225, 34.6492)
35447,27.65,1766,1710,"Montezuma Well",138,1081,"fossil",1989,909,c(-111.75225, 34.6492)
35448,27.65,1766,1710,"Montezuma Well",158,1081,"fossil",1989,1050,c(-111.75225, 34.6492)
35449,27.65,1766,1710,"Montezuma Well",185,1081,"fossil",1989,1234,c(-111.75225, 34.6492)
35451,11.65,1766,1710,"Montezuma Well",230,1081,"fossil",1989,1559,c(-111.75225, 34.6492)
35452,27.65,1766,1710,"Montezuma Well",240,1081,"fossil",1989,1706,c(-111.75225, 34.6492)
35453,27.65,1766,1710,"Montezuma Well",250,1081,"fossil",1989,1861,c(-111.75225, 34.6492)
35454,11.65,1766,1710,"Montezuma Well",257,1081,"fossil",1989,1965,c(-111.75225, 34.6492)
35455,19.4,1766,1710,"Montezuma Well",265,1081,"fossil",1989,2087,c(-111.75225, 34.6492)
35456,27.65,1766,1710,"Montezuma Well",285,1081,"fossil",1989,2388,c(-111.75225, 34.6492)
35457,27.65,1766,1710,"Montezuma Well",300,1081,"fossil",1989,2610,c(-111.75225, 34.6492)
35458,27.65,1766,1710,"Montezuma Well",315,1081,"fossil",1989,2841,c(-111.75225, 34.6492)
35459,11.65,1766,1710,"Montezuma Well",330,1081,"fossil",1989,3074,c(-111.75225, 34.6492)
35460,27.65,1766,1710,"Montezuma Well",337,1081,"fossil",1989,3351,c(-111.75225, 34.6492)
35461,27.65,1766,1710,"Montezuma Well",343,1081,"fossil",1989,3629,c(-111.75225, 34.6492)
35462,21.6,1766,1710,"Montezuma Well",350,1081,"fossil",1989,4000,c(-111.75225, 34.6492)
35463,21.55,1766,1710,"Montezuma Well",355,1081,"fossil",1989,4243,c(-111.75225, 34.6492)
35464,11.65,1766,1710,"Montezuma Well",360,1081,"fossil",1989,4487,c(-111.75225, 34.6492)
35465,19.4,1766,1710,"Montezuma Well",365,1081,"fossil",1989,4741,c(-111.75225, 34.6492)
35466,27.65,1766,1710,"Montezuma Well",370,1081,"fossil",1989,4996,c(-111.75225, 34.6492)
35467,23.65,1766,1710,"Montezuma Well",377,1081,"fossil",1989,5374,c(-111.75225, 34.6492)
35468,21.8,1766,1710,"Montezuma Well",385,1081,"fossil",1989,5776,c(-111.75225, 34.6492)
35469,19.4,1766,1710,"Montezuma Well",390,1081,"fossil",1989,6025,c(-111.75225, 34.6492)
41284,16.9,1970,1905,"Posy Lake",30,2653,"fossil",1989,935,c(-111.696035, 37.93746)
41285,9.1,1970,1905,"Posy Lake",60,2653,"fossil",1989,1881,c(-111.696035, 37.93746)
41286,13.75,1970,1905,"Posy Lake",90,2653,"fossil",1989,2785,c(-111.696035, 37.93746)
41288,14.45,1970,1905,"Posy Lake",150,2653,"fossil",1989,4169,c(-111.696035, 37.93746)
41289,14.45,1970,1905,"Posy Lake",180,2653,"fossil",1989,4377,c(-111.696035, 37.93746)
41290,17,1970,1905,"Posy Lake",210,2653,"fossil",1989,4586,c(-111.696035, 37.93746)
41292,13.75,1970,1905,"Posy Lake",270,2653,"fossil",1989,5004,c(-111.696035, 37.93746)
41293,18.55,1970,1905,"Posy Lake",300,2653,"fossil",1989,5213,c(-111.696035, 37.93746)
41294,18.55,1970,1905,"Posy Lake",320,2653,"fossil",1989,5352,c(-111.696035, 37.93746)
41295,12.9,1970,1905,"Posy Lake",340,2653,"fossil",1989,5491,c(-111.696035, 37.93746)
41296,18.55,1970,1905,"Posy Lake",360,2653,"fossil",1989,5697,c(-111.696035, 37.93746)
41297,18.55,1970,1905,"Posy Lake",380,2653,"fossil",1989,5968,c(-111.696035, 37.93746)
46137,19.95,2320,2241,"Sagehen Marsh",5,2085,"fossil",1984,6,c(-108.503889, 37.473889)
46138,19.95,2320,2241,"Sagehen Marsh",10,2085,"fossil",1984,12,c(-108.503889, 37.473889)
46139,23.9,2320,2241,"Sagehen Marsh",15,2085,"fossil",1984,18,c(-108.503889, 37.473889)
46140,23.9,2320,2241,"Sagehen Marsh",25,2085,"fossil",1984,30,c(-108.503889, 37.473889)
46144,21.7,2320,2241,"Sagehen Marsh",42,2085,"fossil",1984,83,c(-108.503889, 37.473889)
46145,20.9,2320,2241,"Sagehen Marsh",50,2085,"fossil",1984,133,c(-108.503889, 37.473889)
46146,21.65,2320,2241,"Sagehen Marsh",60,2085,"fossil",1984,248,c(-108.503889, 37.473889)
54380,12.65,2880,2785,"Twin Lakes",2.5,3290,"fossil",1976,102,c(-108.10256, 37.46906)
54382,15.3,2880,2785,"Twin Lakes",7.5,3290,"fossil",1976,367,c(-108.10256, 37.46906)
54383,15.3,2880,2785,"Twin Lakes",10,3290,"fossil",1976,505,c(-108.10256, 37.46906)
54384,15.3,2880,2785,"Twin Lakes",12.5,3290,"fossil",1976,630,c(-108.10256, 37.46906)
54385,15.3,2880,2785,"Twin Lakes",15,3290,"fossil",1976,755,c(-108.10256, 37.46906)
54386,11.9,2880,2785,"Twin Lakes",17.5,3290,"fossil",1976,888,c(-108.10256, 37.46906)
54387,11.9,2880,2785,"Twin Lakes",20,3290,"fossil",1976,1020,c(-108.10256, 37.46906)
54388,11.9,2880,2785,"Twin Lakes",22.5,3290,"fossil",1976,1141,c(-108.10256, 37.46906)
54389,11.9,2880,2785,"Twin Lakes",25,3290,"fossil",1976,1261,c(-108.10256, 37.46906)
54390,11.9,2880,2785,"Twin Lakes",27.5,3290,"fossil",1976,1390,c(-108.10256, 37.46906)
54391,12.65,2880,2785,"Twin Lakes",30,3290,"fossil",1976,1520,c(-108.10256, 37.46906)
54392,15.3,2880,2785,"Twin Lakes",32.5,3290,"fossil",1976,1652,c(-108.10256, 37.46906)
54393,11.9,2880,2785,"Twin Lakes",35,3290,"fossil",1976,1785,c(-108.10256, 37.46906)
54394,11.9,2880,2785,"Twin Lakes",37.5,3290,"fossil",1976,1918,c(-108.10256, 37.46906)
54395,13.65,2880,2785,"Twin Lakes",40,3290,"fossil",1976,2053,c(-108.10256, 37.46906)
54396,11.9,2880,2785,"Twin Lakes",45,3290,"fossil",1976,2305,c(-108.10256, 37.46906)
54397,11.2,2880,2785,"Twin Lakes",50,3290,"fossil",1976,2396,c(-108.10256, 37.46906)
54398,15.3,2880,2785,"Twin Lakes",52.5,3290,"fossil",1976,2442,c(-108.10256, 37.46906)
54399,15.3,2880,2785,"Twin Lakes",55,3290,"fossil",1976,2489,c(-108.10256, 37.46906)
54400,12.15,2880,2785,"Twin Lakes",57.5,3290,"fossil",1976,2535,c(-108.10256, 37.46906)
54401,11.9,2880,2785,"Twin Lakes",60,3290,"fossil",1976,2581,c(-108.10256, 37.46906)
54402,15.3,2880,2785,"Twin Lakes",62.5,3290,"fossil",1976,2626,c(-108.10256, 37.46906)
54403,15.3,2880,2785,"Twin Lakes",65,3290,"fossil",1976,2670,c(-108.10256, 37.46906)
54404,11.9,2880,2785,"Twin Lakes",67.5,3290,"fossil",1976,2719,c(-108.10256, 37.46906)
54405,11.9,2880,2785,"Twin Lakes",70,3290,"fossil",1976,2768,c(-108.10256, 37.46906)
54406,15.3,2880,2785,"Twin Lakes",75,3290,"fossil",1976,2859,c(-108.10256, 37.46906)
54407,15.3,2880,2785,"Twin Lakes",80,3290,"fossil",1976,2949,c(-108.10256, 37.46906)
54408,15.3,2880,2785,"Twin Lakes",85,3290,"fossil",1976,3042,c(-108.10256, 37.46906)
54409,11.2,2880,2785,"Twin Lakes",90,3290,"fossil",1976,3134,c(-108.10256, 37.46906)
54410,11.9,2880,2785,"Twin Lakes",95,3290,"fossil",1976,3250,c(-108.10256, 37.46906)
54411,11.2,2880,2785,"Twin Lakes",100,3290,"fossil",1976,3371,c(-108.10256, 37.46906)
54412,11.9,2880,2785,"Twin Lakes",105,3290,"fossil",1976,3499,c(-108.10256, 37.46906)
54413,11.9,2880,2785,"Twin Lakes",110,3290,"fossil",1976,3624,c(-108.10256, 37.46906)
54414,12.75,2880,2785,"Twin Lakes",115,3290,"fossil",1976,3747,c(-108.10256, 37.46906)
54415,11.2,2880,2785,"Twin Lakes",120,3290,"fossil",1976,3870,c(-108.10256, 37.46906)
54416,15.3,2880,2785,"Twin Lakes",125,3290,"fossil",1976,3997,c(-108.10256, 37.46906)
54417,11.4,2880,2785,"Twin Lakes",130,3290,"fossil",1976,4126,c(-108.10256, 37.46906)
54418,11.9,2880,2785,"Twin Lakes",135,3290,"fossil",1976,4250,c(-108.10256, 37.46906)
54419,15.3,2880,2785,"Twin Lakes",140,3290,"fossil",1976,4376,c(-108.10256, 37.46906)
54420,11.9,2880,2785,"Twin Lakes",145,3290,"fossil",1976,4502,c(-108.10256, 37.46906)
54421,15.3,2880,2785,"Twin Lakes",150,3290,"fossil",1976,4611,c(-108.10256, 37.46906)
54422,12.65,2880,2785,"Twin Lakes",155,3290,"fossil",1976,4712,c(-108.10256, 37.46906)
54423,11.9,2880,2785,"Twin Lakes",160,3290,"fossil",1976,4808,c(-108.10256, 37.46906)
54424,15.3,2880,2785,"Twin Lakes",165,3290,"fossil",1976,4906,c(-108.10256, 37.46906)
54425,12.65,2880,2785,"Twin Lakes",170,3290,"fossil",1976,5001,c(-108.10256, 37.46906)
54426,11.9,2880,2785,"Twin Lakes",175,3290,"fossil",1976,5103,c(-108.10256, 37.46906)
54427,11.9,2880,2785,"Twin Lakes",180,3290,"fossil",1976,5202,c(-108.10256, 37.46906)
54428,14.75,2880,2785,"Twin Lakes",185,3290,"fossil",1976,5343,c(-108.10256, 37.46906)
54429,15.3,2880,2785,"Twin Lakes",190,3290,"fossil",1976,5528,c(-108.10256, 37.46906)
54430,15.3,2880,2785,"Twin Lakes",195,3290,"fossil",1976,5717,c(-108.10256, 37.46906)
54431,11.9,2880,2785,"Twin Lakes",200,3290,"fossil",1976,5899,c(-108.10256, 37.46906)
54432,15.3,2880,2785,"Twin Lakes",205,3290,"fossil",1976,6096,c(-108.10256, 37.46906)
54433,15.3,2880,2785,"Twin Lakes",210,3290,"fossil",1976,6291,c(-108.10256, 37.46906)
55048,12.25,2897,2800,"Utricularia Lake",15,2753,"fossil",1964,769,c(-108.808333, 35.968889)
55049,18.3,2897,2800,"Utricularia Lake",17,2753,"fossil",1964,872,c(-108.808333, 35.968889)
55050,20.85,2897,2800,"Utricularia Lake",19,2753,"fossil",1964,974,c(-108.808333, 35.968889)
55051,18.3,2897,2800,"Utricularia Lake",21,2753,"fossil",1964,1077,c(-108.808333, 35.968889)
55052,17.2,2897,2800,"Utricularia Lake",23,2753,"fossil",1964,1179,c(-108.808333, 35.968889)
55053,13.4,2897,2800,"Utricularia Lake",25,2753,"fossil",1964,1282,c(-108.808333, 35.968889)
55054,9.1,2897,2800,"Utricularia Lake",27,2753,"fossil",1964,1385,c(-108.808333, 35.968889)
55055,18.3,2897,2800,"Utricularia Lake",31,2753,"fossil",1964,1590,c(-108.808333, 35.968889)
55056,7.9,2897,2800,"Utricularia Lake",35,2753,"fossil",1964,1795,c(-108.808333, 35.968889)
55057,9.1,2897,2800,"Utricularia Lake",37,2753,"fossil",1964,1897,c(-108.808333, 35.968889)
55058,8.4,2897,2800,"Utricularia Lake",39,2753,"fossil",1964,2000,c(-108.808333, 35.968889)
56107,17.3,2950,2853,"Whiskey Lake",5,2712,"fossil",1964,333,c(-108.810833, 35.981944)
56108,17.3,2950,2853,"Whiskey Lake",9,2712,"fossil",1964,600,c(-108.810833, 35.981944)
56110,17.3,2950,2853,"Whiskey Lake",13,2712,"fossil",1964,867,c(-108.810833, 35.981944)
56111,15.2,2950,2853,"Whiskey Lake",15,2712,"fossil",1964,1000,c(-108.810833, 35.981944)
56112,17.3,2950,2853,"Whiskey Lake",17,2712,"fossil",1964,1133,c(-108.810833, 35.981944)
56113,13.05,2950,2853,"Whiskey Lake",20,2712,"fossil",1964,1333,c(-108.810833, 35.981944)
56114,8.05,2950,2853,"Whiskey Lake",21,2712,"fossil",1964,1400,c(-108.810833, 35.981944)
56115,20.85,2950,2853,"Whiskey Lake",25,2712,"fossil",1964,1667,c(-108.810833, 35.981944)
56116,7.5,2950,2853,"Whiskey Lake",26,2712,"fossil",1964,1733,c(-108.810833, 35.981944)
56117,8.05,2950,2853,"Whiskey Lake",28,2712,"fossil",1964,1867,c(-108.810833, 35.981944)
56118,21.95,2950,2853,"Whiskey Lake",30,2712,"fossil",1964,2000,c(-108.810833, 35.981944)
57919,18,3054,2955,"Head Lake",3,2300,"fossil",1989,1,c(-105.740635, 37.71109)
57920,18,3054,2955,"Head Lake",7,2300,"fossil",1989,58,c(-105.740635, 37.71109)
57921,18,3054,2955,"Head Lake",10,2300,"fossil",1989,108,c(-105.740635, 37.71109)
57922,18,3054,2955,"Head Lake",13,2300,"fossil",1989,691,c(-105.740635, 37.71109)
57923,16.95,3054,2955,"Head Lake",17,2300,"fossil",1989,1561,c(-105.740635, 37.71109)
57924,11.85,3054,2955,"Head Lake",20,2300,"fossil",1989,2286,c(-105.740635, 37.71109)
57925,11.65,3054,2955,"Head Lake",23,2300,"fossil",1989,3015,c(-105.740635, 37.71109)
57926,11.65,3054,2955,"Head Lake",25,2300,"fossil",1989,3501,c(-105.740635, 37.71109)
57927,16.95,3054,2955,"Head Lake",27,2300,"fossil",1989,3672,c(-105.740635, 37.71109)
58052,10.1,3056,2957,"Como Lake",10,3523,"fossil",1989,774,c(-105.514165, 37.569525)
58053,10.1,3056,2957,"Como Lake",20,3523,"fossil",1989,1640,c(-105.514165, 37.569525)
58054,10.1,3056,2957,"Como Lake",30,3523,"fossil",1989,2477,c(-105.514165, 37.569525)
58055,10.1,3056,2957,"Como Lake",40,3523,"fossil",1989,3314,c(-105.514165, 37.569525)
58056,10.1,3056,2957,"Como Lake",50,3523,"fossil",1989,4150,c(-105.514165, 37.569525)
58057,10.5,3056,2957,"Como Lake",60,3523,"fossil",1989,4948,c(-105.514165, 37.569525)
58058,10.1,3056,2957,"Como Lake",70,3523,"fossil",1989,5369,c(-105.514165, 37.569525)
58059,10.1,3056,2957,"Como Lake",80,3523,"fossil",1989,5763,c(-105.514165, 37.569525)
58060,10.1,3056,2957,"Como Lake",90,3523,"fossil",1989,6153,c(-105.514165, 37.569525)
58215,28.15,3060,244,"Bechan Cave",7.5,1280,"fossil",1984,1165,c(-110.866666666667, 37.3666666666667)
58216,28.15,3060,244,"Bechan Cave",12.5,1280,"fossil",1984,1941,c(-110.866666666667, 37.3666666666667)
58217,28.15,3060,244,"Bechan Cave",17.5,1280,"fossil",1984,2670,c(-110.866666666667, 37.3666666666667)
58218,28.15,3060,244,"Bechan Cave",22.5,1280,"fossil",1984,2975,c(-110.866666666667, 37.3666666666667)
58219,19.4,3060,244,"Bechan Cave",27.5,1280,"fossil",1984,3279,c(-110.866666666667, 37.3666666666667)
58220,21.2,3060,244,"Bechan Cave",32.5,1280,"fossil",1984,3583,c(-110.866666666667, 37.3666666666667)
58221,28.15,3060,244,"Bechan Cave",37.5,1280,"fossil",1984,3887,c(-110.866666666667, 37.3666666666667)
58222,28.15,3060,244,"Bechan Cave",42.5,1280,"fossil",1984,4192,c(-110.866666666667, 37.3666666666667)
58223,28.15,3060,244,"Bechan Cave",47.5,1280,"fossil",1984,4496,c(-110.866666666667, 37.3666666666667)
58224,28.15,3060,244,"Bechan Cave",52.5,1280,"fossil",1984,4800,c(-110.866666666667, 37.3666666666667)
58225,28.15,3060,244,"Bechan Cave",57.5,1280,"fossil",1984,5104,c(-110.866666666667, 37.3666666666667)
58226,28.15,3060,244,"Bechan Cave",62.5,1280,"fossil",1984,5409,c(-110.866666666667, 37.3666666666667)
61597,18,3560,1906,"Potato Lake",20.5,2205,"fossil",1965,1315,c(-111.345278, 34.462222)
61598,18,3560,1906,"Potato Lake",25.5,2205,"fossil",1965,1397,c(-111.345278, 34.462222)
61599,18,3560,1906,"Potato Lake",30.5,2205,"fossil",1965,1479,c(-111.345278, 34.462222)
61600,18,3560,1906,"Potato Lake",35.5,2205,"fossil",1965,1561,c(-111.345278, 34.462222)
61601,18,3560,1906,"Potato Lake",40.5,2205,"fossil",1965,1643,c(-111.345278, 34.462222)
61602,18,3560,1906,"Potato Lake",45.5,2205,"fossil",1965,1725,c(-111.345278, 34.462222)
61603,18,3560,1906,"Potato Lake",50.5,2205,"fossil",1965,1807,c(-111.345278, 34.462222)
61604,18,3560,1906,"Potato Lake",55.5,2205,"fossil",1965,1950,c(-111.345278, 34.462222)
61605,18,3560,1906,"Potato Lake",60.5,2205,"fossil",1965,2208,c(-111.345278, 34.462222)
61606,15.9,3560,1906,"Potato Lake",65.5,2205,"fossil",1965,2465,c(-111.345278, 34.462222)
61607,18,3560,1906,"Potato Lake",70.5,2205,"fossil",1965,2723,c(-111.345278, 34.462222)
61608,18,3560,1906,"Potato Lake",75.5,2205,"fossil",1965,3081,c(-111.345278, 34.462222)
61609,15.9,3560,1906,"Potato Lake",80.5,2205,"fossil",1965,4118,c(-111.345278, 34.462222)
61610,15.45,3560,1906,"Potato Lake",85.5,2205,"fossil",1965,5482,c(-111.345278, 34.462222)
61623,15.9,3561,1906,"Potato Lake",25,2205,"fossil",1965,1389,c(-111.345278, 34.462222)
61624,18,3561,1906,"Potato Lake",30,2205,"fossil",1965,1471,c(-111.345278, 34.462222)
61625,18,3561,1906,"Potato Lake",35,2205,"fossil",1965,1553,c(-111.345278, 34.462222)
61626,18,3561,1906,"Potato Lake",40,2205,"fossil",1965,1635,c(-111.345278, 34.462222)
61627,15.9,3561,1906,"Potato Lake",45,2205,"fossil",1965,1717,c(-111.345278, 34.462222)
61628,18,3561,1906,"Potato Lake",50,2205,"fossil",1965,1799,c(-111.345278, 34.462222)
61629,18,3561,1906,"Potato Lake",55,2205,"fossil",1965,1924,c(-111.345278, 34.462222)
61630,18,3561,1906,"Potato Lake",60,2205,"fossil",1965,2182,c(-111.345278, 34.462222)
61631,18,3561,1906,"Potato Lake",65,2205,"fossil",1965,2439,c(-111.345278, 34.462222)
61632,18,3561,1906,"Potato Lake",67.5,2205,"fossil",1965,2568,c(-111.345278, 34.462222)
61633,18,3561,1906,"Potato Lake",70,2205,"fossil",1965,2697,c(-111.345278, 34.462222)
61634,15.9,3561,1906,"Potato Lake",72.5,2205,"fossil",1965,2826,c(-111.345278, 34.462222)
61635,15.9,3561,1906,"Potato Lake",75,2205,"fossil",1965,3357,c(-111.345278, 34.462222)
61636,15.9,3561,1906,"Potato Lake",77.5,2205,"fossil",1965,4290,c(-111.345278, 34.462222)
61637,14.6,3561,1906,"Potato Lake",80,2205,"fossil",1965,5223,c(-111.345278, 34.462222)
62039,20.9,3608,2241,"Sagehen Marsh",143.5,2085,"fossil",1984,1350,c(-108.503889, 37.473889)
62041,11.6,3608,2241,"Sagehen Marsh",152,2085,"fossil",1984,1350,c(-108.503889, 37.473889)
62179,20.05,3612,2260,"San Agustin Plains",2,2069,"fossil",1984,189,c(-108.25, 33.866667)
62180,20.05,3612,2260,"San Agustin Plains",14,2069,"fossil",1984,1322,c(-108.25, 33.866667)
62181,20.05,3612,2260,"San Agustin Plains",24,2069,"fossil",1984,2266,c(-108.25, 33.866667)
62183,20.05,3612,2260,"San Agustin Plains",34,2069,"fossil",1984,3211,c(-108.25, 33.866667)
62184,20.05,3612,2260,"San Agustin Plains",44,2069,"fossil",1984,4155,c(-108.25, 33.866667)
130574,11.85,14517,9814,"Alpine Pond",40,3200,"fossil",1999,369,c(-112.82446, 37.63632)
130575,9.75,14517,9814,"Alpine Pond",50,3200,"fossil",1999,474,c(-112.82446, 37.63632)
130576,9.75,14517,9814,"Alpine Pond",61,3200,"fossil",1999,590,c(-112.82446, 37.63632)
130577,12.75,14517,9814,"Alpine Pond",70,3200,"fossil",1999,685,c(-112.82446, 37.63632)
130578,12.75,14517,9814,"Alpine Pond",80,3200,"fossil",1999,789,c(-112.82446, 37.63632)
130579,12.75,14517,9814,"Alpine Pond",90,3200,"fossil",1999,896,c(-112.82446, 37.63632)
130580,11.85,14517,9814,"Alpine Pond",100,3200,"fossil",1999,1003,c(-112.82446, 37.63632)
130581,15.3,14517,9814,"Alpine Pond",110,3200,"fossil",1999,1108,c(-112.82446, 37.63632)
130582,12.75,14517,9814,"Alpine Pond",120,3200,"fossil",1999,1212,c(-112.82446, 37.63632)
130583,12.75,14517,9814,"Alpine Pond",130,3200,"fossil",1999,1319,c(-112.82446, 37.63632)
130584,12.75,14517,9814,"Alpine Pond",140,3200,"fossil",1999,1427,c(-112.82446, 37.63632)
130585,15.3,14517,9814,"Alpine Pond",150,3200,"fossil",1999,1534,c(-112.82446, 37.63632)
130586,15.3,14517,9814,"Alpine Pond",160,3200,"fossil",1999,1641,c(-112.82446, 37.63632)
130587,11.85,14517,9814,"Alpine Pond",170,3200,"fossil",1999,1748,c(-112.82446, 37.63632)
130588,9.75,14517,9814,"Alpine Pond",180,3200,"fossil",1999,1855,c(-112.82446, 37.63632)
130589,9.75,14517,9814,"Alpine Pond",190,3200,"fossil",1999,1959,c(-112.82446, 37.63632)
130590,12.75,14517,9814,"Alpine Pond",200,3200,"fossil",1999,2065,c(-112.82446, 37.63632)
130591,11.85,14517,9814,"Alpine Pond",210,3200,"fossil",1999,2170,c(-112.82446, 37.63632)
130592,11.85,14517,9814,"Alpine Pond",220,3200,"fossil",1999,2275,c(-112.82446, 37.63632)
130593,9.75,14517,9814,"Alpine Pond",230,3200,"fossil",1999,2376,c(-112.82446, 37.63632)
130594,9.75,14517,9814,"Alpine Pond",240,3200,"fossil",1999,2477,c(-112.82446, 37.63632)
130595,11.85,14517,9814,"Alpine Pond",250,3200,"fossil",1999,2583,c(-112.82446, 37.63632)
130596,10.1,14517,9814,"Alpine Pond",260,3200,"fossil",1999,2687,c(-112.82446, 37.63632)
130597,11.5,14517,9814,"Alpine Pond",270,3200,"fossil",1999,2791,c(-112.82446, 37.63632)
130598,12.75,14517,9814,"Alpine Pond",280,3200,"fossil",1999,2895,c(-112.82446, 37.63632)
130599,15.65,14517,9814,"Alpine Pond",290,3200,"fossil",1999,2999,c(-112.82446, 37.63632)
131058,12.75,14547,9814,"Alpine Pond",10,3200,"fossil",1999,58,c(-112.82446, 37.63632)
131059,12.75,14547,9814,"Alpine Pond",15,3200,"fossil",1999,109,c(-112.82446, 37.63632)
131060,11.85,14547,9814,"Alpine Pond",20,3200,"fossil",1999,160,c(-112.82446, 37.63632)
131061,12.75,14547,9814,"Alpine Pond",25,3200,"fossil",1999,212,c(-112.82446, 37.63632)
131062,10.1,14547,9814,"Alpine Pond",30,3200,"fossil",1999,264,c(-112.82446, 37.63632)
131063,11.85,14547,9814,"Alpine Pond",35,3200,"fossil",1999,317,c(-112.82446, 37.63632)
131065,12.75,14547,9814,"Alpine Pond",45,3200,"fossil",1999,422,c(-112.82446, 37.63632)
131066,12.75,14547,9814,"Alpine Pond",50,3200,"fossil",1999,474,c(-112.82446, 37.63632)
131067,12.75,14547,9814,"Alpine Pond",55,3200,"fossil",1999,527,c(-112.82446, 37.63632)
131068,13.45,14547,9814,"Alpine Pond",60,3200,"fossil",1999,580,c(-112.82446, 37.63632)
131074,11.9,14549,9830,"Lowder Creek Bog",20,3127,"fossil",1999,336,c(-112.792245, 37.67214)
131075,12.8,14549,9830,"Lowder Creek Bog",40,3127,"fossil",1999,718,c(-112.792245, 37.67214)
131076,14.75,14549,9830,"Lowder Creek Bog",60,3127,"fossil",1999,1099,c(-112.792245, 37.67214)
131077,12.8,14549,9830,"Lowder Creek Bog",80,3127,"fossil",1999,1489,c(-112.792245, 37.67214)
131078,12.8,14549,9830,"Lowder Creek Bog",95,3127,"fossil",1999,1777,c(-112.792245, 37.67214)
131079,11.9,14549,9830,"Lowder Creek Bog",120,3127,"fossil",1999,2260,c(-112.792245, 37.67214)
131080,14.75,14549,9830,"Lowder Creek Bog",140,3127,"fossil",1999,2648,c(-112.792245, 37.67214)
131081,11.9,14549,9830,"Lowder Creek Bog",160,3127,"fossil",1999,3081,c(-112.792245, 37.67214)
131082,11.9,14549,9830,"Lowder Creek Bog",180,3127,"fossil",1999,3573,c(-112.792245, 37.67214)
131083,11.9,14549,9830,"Lowder Creek Bog",200,3127,"fossil",1999,4080,c(-112.792245, 37.67214)
131084,11.9,14549,9830,"Lowder Creek Bog",220,3127,"fossil",1999,4597,c(-112.792245, 37.67214)
131085,11.9,14549,9830,"Lowder Creek Bog",240,3127,"fossil",1999,5087,c(-112.792245, 37.67214)
132358,8.8,14650,9878,"San Luis Lake",0,2293,"fossil",1993,-37,c(-105.724665, 37.67773)
132359,11.65,14650,9878,"San Luis Lake",7,2293,"fossil",1993,32,c(-105.724665, 37.67773)
132360,16.95,14650,9878,"San Luis Lake",14,2293,"fossil",1993,105,c(-105.724665, 37.67773)
132361,16.95,14650,9878,"San Luis Lake",21,2293,"fossil",1993,197,c(-105.724665, 37.67773)
132362,16.95,14650,9878,"San Luis Lake",28,2293,"fossil",1993,303,c(-105.724665, 37.67773)
132363,16.95,14650,9878,"San Luis Lake",35,2293,"fossil",1993,410,c(-105.724665, 37.67773)
132364,19.4,14650,9878,"San Luis Lake",42,2293,"fossil",1993,516,c(-105.724665, 37.67773)
132365,11.65,14650,9878,"San Luis Lake",49,2293,"fossil",1993,605,c(-105.724665, 37.67773)
132366,11.65,14650,9878,"San Luis Lake",56,2293,"fossil",1993,671,c(-105.724665, 37.67773)
132367,11.65,14650,9878,"San Luis Lake",63,2293,"fossil",1993,735,c(-105.724665, 37.67773)
132368,11.65,14650,9878,"San Luis Lake",70,2293,"fossil",1993,798,c(-105.724665, 37.67773)
132369,11.65,14650,9878,"San Luis Lake",77,2293,"fossil",1993,854,c(-105.724665, 37.67773)
132370,9.75,14650,9878,"San Luis Lake",84,2293,"fossil",1993,901,c(-105.724665, 37.67773)
132371,8.8,14650,9878,"San Luis Lake",91,2293,"fossil",1993,952,c(-105.724665, 37.67773)
132372,12.2,14650,9878,"San Luis Lake",94,2293,"fossil",1993,975,c(-105.724665, 37.67773)
132373,16.95,14650,9878,"San Luis Lake",95,2293,"fossil",1993,983,c(-105.724665, 37.67773)
132374,16.95,14650,9878,"San Luis Lake",103,2293,"fossil",1993,1043,c(-105.724665, 37.67773)
132375,16.95,14650,9878,"San Luis Lake",108,2293,"fossil",1993,1080,c(-105.724665, 37.67773)
132376,16.95,14650,9878,"San Luis Lake",112,2293,"fossil",1993,1111,c(-105.724665, 37.67773)
132377,11.65,14650,9878,"San Luis Lake",117,2293,"fossil",1993,1148,c(-105.724665, 37.67773)
132378,8.8,14650,9878,"San Luis Lake",122,2293,"fossil",1993,1186,c(-105.724665, 37.67773)
132379,19.4,14650,9878,"San Luis Lake",126,2293,"fossil",1993,1216,c(-105.724665, 37.67773)
132381,19.4,14650,9878,"San Luis Lake",154,2293,"fossil",1993,1427,c(-105.724665, 37.67773)
134540,9.4,14951,10000,"Bear Lake",202,2778,"fossil",1999,132,c(-112.147175, 36.371125)
134541,9.4,14951,10000,"Bear Lake",222,2778,"fossil",1999,839,c(-112.147175, 36.371125)
134542,18.8,14951,10000,"Bear Lake",242,2778,"fossil",1999,1590,c(-112.147175, 36.371125)
134543,9.4,14951,10000,"Bear Lake",262,2778,"fossil",1999,2306,c(-112.147175, 36.371125)
134544,18.8,14951,10000,"Bear Lake",282,2778,"fossil",1999,2997,c(-112.147175, 36.371125)
134545,18.8,14951,10000,"Bear Lake",292,2778,"fossil",1999,3362,c(-112.147175, 36.371125)
134546,18.8,14951,10000,"Bear Lake",312,2778,"fossil",1999,4006,c(-112.147175, 36.371125)
134547,18.8,14951,10000,"Bear Lake",332,2778,"fossil",1999,4293,c(-112.147175, 36.371125)
134548,13.75,14951,10000,"Bear Lake",372,2778,"fossil",1999,4762,c(-112.147175, 36.371125)
134549,7.9,14951,10000,"Bear Lake",381,2778,"fossil",1999,4868,c(-112.147175, 36.371125)
134550,18.8,14951,10000,"Bear Lake",401,2778,"fossil",1999,5104,c(-112.147175, 36.371125)
134551,7.5,14951,10000,"Bear Lake",421,2778,"fossil",1999,5337,c(-112.147175, 36.371125)
136827,10.55,15106,10061,"Lake Emma",0,3740,"fossil",1984,-29,c(-107.61537, 37.902105)
136828,20.8,15106,10061,"Lake Emma",31,3740,"fossil",1984,3872,c(-107.61537, 37.902105)
136829,19.85,15106,10061,"Lake Emma",36,3740,"fossil",1984,4124,c(-107.61537, 37.902105)
136830,10.55,15106,10061,"Lake Emma",41,3740,"fossil",1984,4376,c(-107.61537, 37.902105)
136831,19.55,15106,10061,"Lake Emma",46,3740,"fossil",1984,4629,c(-107.61537, 37.902105)
136832,8.7,15106,10061,"Lake Emma",51,3740,"fossil",1984,4883,c(-107.61537, 37.902105)
136833,10.55,15106,10061,"Lake Emma",56,3740,"fossil",1984,5135,c(-107.61537, 37.902105)
136834,10.55,15106,10061,"Lake Emma",61,3740,"fossil",1984,5387,c(-107.61537, 37.902105)
142897,15.05,15356,10191,"Stewart Bog",1,3115,"fossil",2008,-31,c(-105.722, 35.832)
142898,15.05,15356,10191,"Stewart Bog",4,3115,"fossil",2008,22,c(-105.722, 35.832)
142899,15.05,15356,10191,"Stewart Bog",6,3115,"fossil",2008,59,c(-105.722, 35.832)
142900,15.3,15356,10191,"Stewart Bog",8,3115,"fossil",2008,96,c(-105.722, 35.832)
142901,13,15356,10191,"Stewart Bog",10,3115,"fossil",2008,132,c(-105.722, 35.832)
142902,15.05,15356,10191,"Stewart Bog",12,3115,"fossil",2008,165,c(-105.722, 35.832)
142903,15.05,15356,10191,"Stewart Bog",14,3115,"fossil",2008,198,c(-105.722, 35.832)
142904,15.05,15356,10191,"Stewart Bog",16,3115,"fossil",2008,232,c(-105.722, 35.832)
142905,15.05,15356,10191,"Stewart Bog",18,3115,"fossil",2008,267,c(-105.722, 35.832)
142906,15.05,15356,10191,"Stewart Bog",20,3115,"fossil",2008,302,c(-105.722, 35.832)
142907,15.05,15356,10191,"Stewart Bog",22,3115,"fossil",2008,336,c(-105.722, 35.832)
142908,12.6,15356,10191,"Stewart Bog",24,3115,"fossil",2008,370,c(-105.722, 35.832)
142909,15.05,15356,10191,"Stewart Bog",26,3115,"fossil",2008,404,c(-105.722, 35.832)
142910,13.65,15356,10191,"Stewart Bog",28,3115,"fossil",2008,439,c(-105.722, 35.832)
142911,12.6,15356,10191,"Stewart Bog",30,3115,"fossil",2008,473,c(-105.722, 35.832)
142912,12.6,15356,10191,"Stewart Bog",34,3115,"fossil",2008,542,c(-105.722, 35.832)
142913,15.05,15356,10191,"Stewart Bog",35,3115,"fossil",2008,560,c(-105.722, 35.832)
142914,15.05,15356,10191,"Stewart Bog",37,3115,"fossil",2008,595,c(-105.722, 35.832)
142915,12.6,15356,10191,"Stewart Bog",39,3115,"fossil",2008,630,c(-105.722, 35.832)
142916,15.05,15356,10191,"Stewart Bog",41,3115,"fossil",2008,665,c(-105.722, 35.832)
142917,15.05,15356,10191,"Stewart Bog",43,3115,"fossil",2008,698,c(-105.722, 35.832)
142918,12.15,15356,10191,"Stewart Bog",45,3115,"fossil",2008,731,c(-105.722, 35.832)
142919,15.05,15356,10191,"Stewart Bog",47,3115,"fossil",2008,765,c(-105.722, 35.832)
142920,11.85,15356,10191,"Stewart Bog",49,3115,"fossil",2008,800,c(-105.722, 35.832)
142921,14.75,15356,10191,"Stewart Bog",51,3115,"fossil",2008,834,c(-105.722, 35.832)
142922,11.85,15356,10191,"Stewart Bog",53,3115,"fossil",2008,868,c(-105.722, 35.832)
142923,11.2,15356,10191,"Stewart Bog",55,3115,"fossil",2008,902,c(-105.722, 35.832)
142925,15.05,15356,10191,"Stewart Bog",58,3115,"fossil",2008,1006,c(-105.722, 35.832)
142926,15.05,15356,10191,"Stewart Bog",60,3115,"fossil",2008,1075,c(-105.722, 35.832)
142927,15.3,15356,10191,"Stewart Bog",62,3115,"fossil",2008,1174,c(-105.722, 35.832)
142928,11.85,15356,10191,"Stewart Bog",65,3115,"fossil",2008,1321,c(-105.722, 35.832)
142929,11.85,15356,10191,"Stewart Bog",66,3115,"fossil",2008,1371,c(-105.722, 35.832)
142930,11.85,15356,10191,"Stewart Bog",68,3115,"fossil",2008,1470,c(-105.722, 35.832)
142931,15.05,15356,10191,"Stewart Bog",70,3115,"fossil",2008,1569,c(-105.722, 35.832)
142932,15.05,15356,10191,"Stewart Bog",72,3115,"fossil",2008,1677,c(-105.722, 35.832)
142933,15.05,15356,10191,"Stewart Bog",74,3115,"fossil",2008,1786,c(-105.722, 35.832)
142934,15.05,15356,10191,"Stewart Bog",76,3115,"fossil",2008,1898,c(-105.722, 35.832)
142935,15.3,15356,10191,"Stewart Bog",78,3115,"fossil",2008,2015,c(-105.722, 35.832)
142936,15.05,15356,10191,"Stewart Bog",80,3115,"fossil",2008,2131,c(-105.722, 35.832)
142937,15.05,15356,10191,"Stewart Bog",82,3115,"fossil",2008,2245,c(-105.722, 35.832)
142938,15.05,15356,10191,"Stewart Bog",84,3115,"fossil",2008,2358,c(-105.722, 35.832)
142939,15.05,15356,10191,"Stewart Bog",86,3115,"fossil",2008,2466,c(-105.722, 35.832)
142940,15.05,15356,10191,"Stewart Bog",87,3115,"fossil",2008,2519,c(-105.722, 35.832)
142941,15.05,15356,10191,"Stewart Bog",89,3115,"fossil",2008,2623,c(-105.722, 35.832)
142942,13,15356,10191,"Stewart Bog",91,3115,"fossil",2008,2691,c(-105.722, 35.832)
142943,9.25,15356,10191,"Stewart Bog",93,3115,"fossil",2008,2721,c(-105.722, 35.832)
142944,9.4,15356,10191,"Stewart Bog",95,3115,"fossil",2008,2751,c(-105.722, 35.832)
142945,9.4,15356,10191,"Stewart Bog",97,3115,"fossil",2008,2780,c(-105.722, 35.832)
142946,15.05,15356,10191,"Stewart Bog",101,3115,"fossil",2008,2838,c(-105.722, 35.832)
142947,13.65,15356,10191,"Stewart Bog",103,3115,"fossil",2008,2868,c(-105.722, 35.832)
142948,15.05,15356,10191,"Stewart Bog",105,3115,"fossil",2008,2897,c(-105.722, 35.832)
142949,15.05,15356,10191,"Stewart Bog",107,3115,"fossil",2008,2927,c(-105.722, 35.832)
142951,15.05,15356,10191,"Stewart Bog",113,3115,"fossil",2008,3013,c(-105.722, 35.832)
142952,15.05,15356,10191,"Stewart Bog",115,3115,"fossil",2008,3042,c(-105.722, 35.832)
142953,11.9,15356,10191,"Stewart Bog",117,3115,"fossil",2008,3071,c(-105.722, 35.832)
142954,15.05,15356,10191,"Stewart Bog",119,3115,"fossil",2008,3100,c(-105.722, 35.832)
142955,11.9,15356,10191,"Stewart Bog",121,3115,"fossil",2008,3128,c(-105.722, 35.832)
142956,11.85,15356,10191,"Stewart Bog",123,3115,"fossil",2008,3154,c(-105.722, 35.832)
142957,15.05,15356,10191,"Stewart Bog",125,3115,"fossil",2008,3181,c(-105.722, 35.832)
142958,15.05,15356,10191,"Stewart Bog",127,3115,"fossil",2008,3219,c(-105.722, 35.832)
142959,15.05,15356,10191,"Stewart Bog",129,3115,"fossil",2008,3258,c(-105.722, 35.832)
142960,15.05,15356,10191,"Stewart Bog",131,3115,"fossil",2008,3303,c(-105.722, 35.832)
142961,15.05,15356,10191,"Stewart Bog",134,3115,"fossil",2008,3382,c(-105.722, 35.832)
142962,15.05,15356,10191,"Stewart Bog",136,3115,"fossil",2008,3433,c(-105.722, 35.832)
142963,10.65,15356,10191,"Stewart Bog",138,3115,"fossil",2008,3483,c(-105.722, 35.832)
142964,13.65,15356,10191,"Stewart Bog",140,3115,"fossil",2008,3532,c(-105.722, 35.832)
142965,13.65,15356,10191,"Stewart Bog",142,3115,"fossil",2008,3587,c(-105.722, 35.832)
142966,13.65,15356,10191,"Stewart Bog",145,3115,"fossil",2008,3670,c(-105.722, 35.832)
142967,15.05,15356,10191,"Stewart Bog",147,3115,"fossil",2008,3727,c(-105.722, 35.832)
142968,15.05,15356,10191,"Stewart Bog",149,3115,"fossil",2008,3783,c(-105.722, 35.832)
142969,12.6,15356,10191,"Stewart Bog",151,3115,"fossil",2008,3847,c(-105.722, 35.832)
142970,15.05,15356,10191,"Stewart Bog",153,3115,"fossil",2008,3917,c(-105.722, 35.832)
142971,15.3,15356,10191,"Stewart Bog",155,3115,"fossil",2008,3986,c(-105.722, 35.832)
142972,8.3,15356,10191,"Stewart Bog",157,3115,"fossil",2008,4057,c(-105.722, 35.832)
142973,9.25,15356,10191,"Stewart Bog",159,3115,"fossil",2008,4129,c(-105.722, 35.832)
142974,17.15,15356,10191,"Stewart Bog",161,3115,"fossil",2008,4199,c(-105.722, 35.832)
142975,12.15,15356,10191,"Stewart Bog",163,3115,"fossil",2008,4267,c(-105.722, 35.832)
142976,17.15,15356,10191,"Stewart Bog",165,3115,"fossil",2008,4335,c(-105.722, 35.832)
142977,15.3,15356,10191,"Stewart Bog",167,3115,"fossil",2008,4409,c(-105.722, 35.832)
142978,15.05,15356,10191,"Stewart Bog",168,3115,"fossil",2008,4446,c(-105.722, 35.832)
142979,15.05,15356,10191,"Stewart Bog",170,3115,"fossil",2008,4520,c(-105.722, 35.832)
142980,14.1,15356,10191,"Stewart Bog",172,3115,"fossil",2008,4595,c(-105.722, 35.832)
142981,15.05,15356,10191,"Stewart Bog",174,3115,"fossil",2008,4671,c(-105.722, 35.832)
142982,8.3,15356,10191,"Stewart Bog",176,3115,"fossil",2008,4744,c(-105.722, 35.832)
142983,15.05,15356,10191,"Stewart Bog",178,3115,"fossil",2008,4817,c(-105.722, 35.832)
142984,15.05,15356,10191,"Stewart Bog",180,3115,"fossil",2008,4890,c(-105.722, 35.832)
142985,15.05,15356,10191,"Stewart Bog",182,3115,"fossil",2008,4960,c(-105.722, 35.832)
142986,11.9,15356,10191,"Stewart Bog",184,3115,"fossil",2008,5033,c(-105.722, 35.832)
142987,15.3,15356,10191,"Stewart Bog",186,3115,"fossil",2008,5091,c(-105.722, 35.832)
142988,14.1,15356,10191,"Stewart Bog",188,3115,"fossil",2008,5134,c(-105.722, 35.832)
142989,9.1,15356,10191,"Stewart Bog",190,3115,"fossil",2008,5178,c(-105.722, 35.832)
142990,15.05,15356,10191,"Stewart Bog",191,3115,"fossil",2008,5196,c(-105.722, 35.832)
142991,8.3,15356,10191,"Stewart Bog",193,3115,"fossil",2008,5233,c(-105.722, 35.832)
142992,10.1,15356,10191,"Stewart Bog",195,3115,"fossil",2008,5268,c(-105.722, 35.832)
142993,14.1,15356,10191,"Stewart Bog",197,3115,"fossil",2008,5306,c(-105.722, 35.832)
142994,13,15356,10191,"Stewart Bog",199,3115,"fossil",2008,5346,c(-105.722, 35.832)
142995,9.4,15356,10191,"Stewart Bog",201,3115,"fossil",2008,5383,c(-105.722, 35.832)
142996,15.05,15356,10191,"Stewart Bog",202,3115,"fossil",2008,5401,c(-105.722, 35.832)
142997,9.75,15356,10191,"Stewart Bog",205,3115,"fossil",2008,5455,c(-105.722, 35.832)
142998,17.15,15356,10191,"Stewart Bog",206,3115,"fossil",2008,5474,c(-105.722, 35.832)
154412,19.95,15967,10449,"Stoneman Lake",0,2047,"fossil",1993,-42,c(-111.517775, 34.778865)
154413,20.9,15967,10449,"Stoneman Lake",5,2047,"fossil",1993,96,c(-111.517775, 34.778865)
154414,19.45,15967,10449,"Stoneman Lake",10,2047,"fossil",1993,236,c(-111.517775, 34.778865)
154415,17.9,15967,10449,"Stoneman Lake",15,2047,"fossil",1993,376,c(-111.517775, 34.778865)
154417,16.95,15967,10449,"Stoneman Lake",25,2047,"fossil",1993,651,c(-111.517775, 34.778865)
154418,18.8,15967,10449,"Stoneman Lake",30,2047,"fossil",1993,790,c(-111.517775, 34.778865)
154419,17.3,15967,10449,"Stoneman Lake",40,2047,"fossil",1993,1069,c(-111.517775, 34.778865)
154420,18.3,15967,10449,"Stoneman Lake",50,2047,"fossil",1993,1324,c(-111.517775, 34.778865)
154421,19.5,15967,10449,"Stoneman Lake",60,2047,"fossil",1993,1550,c(-111.517775, 34.778865)
154422,17.3,15967,10449,"Stoneman Lake",70,2047,"fossil",1993,1782,c(-111.517775, 34.778865)
154423,17.3,15967,10449,"Stoneman Lake",80,2047,"fossil",1993,2010,c(-111.517775, 34.778865)
154424,15.45,15967,10449,"Stoneman Lake",90,2047,"fossil",1993,2236,c(-111.517775, 34.778865)
154425,19.5,15967,10449,"Stoneman Lake",100,2047,"fossil",1993,2516,c(-111.517775, 34.778865)
154426,20.9,15967,10449,"Stoneman Lake",110,2047,"fossil",1993,2829,c(-111.517775, 34.778865)
154427,17.3,15967,10449,"Stoneman Lake",120,2047,"fossil",1993,3586,c(-111.517775, 34.778865)
154428,20.9,15967,10449,"Stoneman Lake",130,2047,"fossil",1993,4789,c(-111.517775, 34.778865)
163770,9.25,17419,11617,"Cumbres Bog",14.5,3100,"fossil",2010,303,c(-106.45052, 37.021745)
163771,14.2,17419,11617,"Cumbres Bog",24.5,3100,"fossil",2010,546,c(-106.45052, 37.021745)
163772,9.25,17419,11617,"Cumbres Bog",34.5,3100,"fossil",2010,789,c(-106.45052, 37.021745)
163773,9.6,17419,11617,"Cumbres Bog",46.5,3100,"fossil",2010,1075,c(-106.45052, 37.021745)
163774,9.1,17419,11617,"Cumbres Bog",54.5,3100,"fossil",2010,1258,c(-106.45052, 37.021745)
163775,15.3,17419,11617,"Cumbres Bog",64.5,3100,"fossil",2010,1441,c(-106.45052, 37.021745)
163776,15.3,17419,11617,"Cumbres Bog",74.5,3100,"fossil",2010,1532,c(-106.45052, 37.021745)
163777,14.65,17419,11617,"Cumbres Bog",84.5,3100,"fossil",2010,1624,c(-106.45052, 37.021745)
163778,11.85,17419,11617,"Cumbres Bog",92.5,3100,"fossil",2010,1700,c(-106.45052, 37.021745)
163779,15.3,17419,11617,"Cumbres Bog",98,3100,"fossil",2010,1752,c(-106.45052, 37.021745)
163780,14.65,17419,11617,"Cumbres Bog",108,3100,"fossil",2010,1840,c(-106.45052, 37.021745)
163781,9.25,17419,11617,"Cumbres Bog",118,3100,"fossil",2010,1929,c(-106.45052, 37.021745)
163782,21.35,17419,11617,"Cumbres Bog",128,3100,"fossil",2010,2017,c(-106.45052, 37.021745)
163783,14.65,17419,11617,"Cumbres Bog",137,3100,"fossil",2010,2100,c(-106.45052, 37.021745)
163784,12.75,17419,11617,"Cumbres Bog",148,3100,"fossil",2010,2201,c(-106.45052, 37.021745)
163785,12.75,17419,11617,"Cumbres Bog",158,3100,"fossil",2010,2305,c(-106.45052, 37.021745)
163786,8.3,17419,11617,"Cumbres Bog",168,3100,"fossil",2010,2493,c(-106.45052, 37.021745)
163788,15.3,17419,11617,"Cumbres Bog",178,3100,"fossil",2010,2708,c(-106.45052, 37.021745)
163789,9.25,17419,11617,"Cumbres Bog",188,3100,"fossil",2010,2918,c(-106.45052, 37.021745)
163790,21.35,17419,11617,"Cumbres Bog",193,3100,"fossil",2010,3029,c(-106.45052, 37.021745)
163791,15.3,17419,11617,"Cumbres Bog",203,3100,"fossil",2010,3257,c(-106.45052, 37.021745)
163792,12.75,17419,11617,"Cumbres Bog",213,3100,"fossil",2010,3485,c(-106.45052, 37.021745)
163793,10.45,17419,11617,"Cumbres Bog",223,3100,"fossil",2010,3723,c(-106.45052, 37.021745)
163796,14.65,17419,11617,"Cumbres Bog",253,3100,"fossil",2010,4271,c(-106.45052, 37.021745)
163797,12.4,17419,11617,"Cumbres Bog",263,3100,"fossil",2010,4600,c(-106.45052, 37.021745)
163798,9.25,17419,11617,"Cumbres Bog",273,3100,"fossil",2010,4833,c(-106.45052, 37.021745)
163799,14.75,17419,11617,"Cumbres Bog",283,3100,"fossil",2010,5191,c(-106.45052, 37.021745)
186185,14.65,20304,13486,"Hunters Lake",0.5,3516,"fossil",2008,-46,c(-106.843695, 37.611035)
186186,13.45,20304,13486,"Hunters Lake",10.5,3516,"fossil",2008,47,c(-106.843695, 37.611035)
186187,11.85,20304,13486,"Hunters Lake",20.5,3516,"fossil",2008,176,c(-106.843695, 37.611035)
186188,10.1,20304,13486,"Hunters Lake",30.5,3516,"fossil",2008,533,c(-106.843695, 37.611035)
186189,8.35,20304,13486,"Hunters Lake",40.5,3516,"fossil",2008,846,c(-106.843695, 37.611035)
186190,11.85,20304,13486,"Hunters Lake",50.5,3516,"fossil",2008,1098,c(-106.843695, 37.611035)
186191,11.85,20304,13486,"Hunters Lake",60.5,3516,"fossil",2008,1356,c(-106.843695, 37.611035)
186192,13.45,20304,13486,"Hunters Lake",70.5,3516,"fossil",2008,1611,c(-106.843695, 37.611035)
186193,10.1,20304,13486,"Hunters Lake",80,3516,"fossil",2008,1851,c(-106.843695, 37.611035)
186194,8.35,20304,13486,"Hunters Lake",90.5,3516,"fossil",2008,2119,c(-106.843695, 37.611035)
186195,13.45,20304,13486,"Hunters Lake",100.5,3516,"fossil",2008,2377,c(-106.843695, 37.611035)
186196,13.45,20304,13486,"Hunters Lake",110.5,3516,"fossil",2008,2635,c(-106.843695, 37.611035)
186197,12.2,20304,13486,"Hunters Lake",120,3516,"fossil",2008,2881,c(-106.843695, 37.611035)
186198,13.45,20304,13486,"Hunters Lake",130.5,3516,"fossil",2008,3156,c(-106.843695, 37.611035)
186199,8.35,20304,13486,"Hunters Lake",140.5,3516,"fossil",2008,3415,c(-106.843695, 37.611035)
186200,13.45,20304,13486,"Hunters Lake",150.5,3516,"fossil",2008,3763,c(-106.843695, 37.611035)
186201,13.45,20304,13486,"Hunters Lake",160,3516,"fossil",2008,4118,c(-106.843695, 37.611035)
186202,13.45,20304,13486,"Hunters Lake",170.5,3516,"fossil",2008,4524,c(-106.843695, 37.611035)
186203,13.45,20304,13486,"Hunters Lake",180.5,3516,"fossil",2008,4897,c(-106.843695, 37.611035)
186204,8.35,20304,13486,"Hunters Lake",190.5,3516,"fossil",2008,5261,c(-106.843695, 37.611035)
192202,13.45,20833,13680,"Chihuahueos Bog",1,2925,"fossil",2008,-48,c(-106.510525, 36.047665)
192203,9.75,20833,13680,"Chihuahueos Bog",10,2925,"fossil",2008,15,c(-106.510525, 36.047665)
192204,16.95,20833,13680,"Chihuahueos Bog",18,2925,"fossil",2008,69,c(-106.510525, 36.047665)
192205,11.65,20833,13680,"Chihuahueos Bog",28,2925,"fossil",2008,248,c(-106.510525, 36.047665)
192206,16.95,20833,13680,"Chihuahueos Bog",38,2925,"fossil",2008,507,c(-106.510525, 36.047665)
192207,16.95,20833,13680,"Chihuahueos Bog",47,2925,"fossil",2008,745,c(-106.510525, 36.047665)
192208,16.95,20833,13680,"Chihuahueos Bog",57,2925,"fossil",2008,999,c(-106.510525, 36.047665)
192209,16.95,20833,13680,"Chihuahueos Bog",66,2925,"fossil",2008,1178,c(-106.510525, 36.047665)
192210,16.95,20833,13680,"Chihuahueos Bog",76,2925,"fossil",2008,1374,c(-106.510525, 36.047665)
192211,16.95,20833,13680,"Chihuahueos Bog",86,2925,"fossil",2008,1567,c(-106.510525, 36.047665)
192212,16.95,20833,13680,"Chihuahueos Bog",93,2925,"fossil",2008,1706,c(-106.510525, 36.047665)
192213,16.95,20833,13680,"Chihuahueos Bog",108,2925,"fossil",2008,2076,c(-106.510525, 36.047665)
192214,16.95,20833,13680,"Chihuahueos Bog",120,2925,"fossil",2008,2553,c(-106.510525, 36.047665)
192215,16.95,20833,13680,"Chihuahueos Bog",129,2925,"fossil",2008,2905,c(-106.510525, 36.047665)
192216,16.95,20833,13680,"Chihuahueos Bog",139,2925,"fossil",2008,3297,c(-106.510525, 36.047665)
192217,11.65,20833,13680,"Chihuahueos Bog",149,2925,"fossil",2008,3696,c(-106.510525, 36.047665)
192218,16.95,20833,13680,"Chihuahueos Bog",159,2925,"fossil",2008,4102,c(-106.510525, 36.047665)
192219,24.1,20833,13680,"Chihuahueos Bog",169,2925,"fossil",2008,5061,c(-106.510525, 36.047665)
192433,11.4,20838,13683,"Purple Lake",40,3226,"fossil",2012,820,c(-111.57115, 38.07438)
192434,11.4,20838,13683,"Purple Lake",48,3226,"fossil",2012,1199,c(-111.57115, 38.07438)
192435,11.4,20838,13683,"Purple Lake",56,3226,"fossil",2012,1590,c(-111.57115, 38.07438)
192436,12.6,20838,13683,"Purple Lake",64,3226,"fossil",2012,1965,c(-111.57115, 38.07438)
192437,11.4,20838,13683,"Purple Lake",72,3226,"fossil",2012,2351,c(-111.57115, 38.07438)
192438,11.4,20838,13683,"Purple Lake",80,3226,"fossil",2012,2694,c(-111.57115, 38.07438)
192439,11.4,20838,13683,"Purple Lake",88,3226,"fossil",2012,3022,c(-111.57115, 38.07438)
192440,11.4,20838,13683,"Purple Lake",96,3226,"fossil",2012,3371,c(-111.57115, 38.07438)
192441,11.4,20838,13683,"Purple Lake",104,3226,"fossil",2012,3709,c(-111.57115, 38.07438)
192442,11.4,20838,13683,"Purple Lake",112,3226,"fossil",2012,4038,c(-111.57115, 38.07438)
192443,11.4,20838,13683,"Purple Lake",120,3226,"fossil",2012,4383,c(-111.57115, 38.07438)
192444,12.55,20838,13683,"Purple Lake",128,3226,"fossil",2012,4738,c(-111.57115, 38.07438)
192445,12.6,20838,13683,"Purple Lake",136,3226,"fossil",2012,5095,c(-111.57115, 38.07438)
192446,11.2,20838,13683,"Purple Lake",144,3226,"fossil",2012,5446,c(-111.57115, 38.07438)
230950,18.25,22948,14632,"Leonora Curtin",9,1850,"fossil",2015,88,c(-106.106515, 35.56948)
230951,20.1,22948,14632,"Leonora Curtin",11,1850,"fossil",2015,121,c(-106.106515, 35.56948)
230952,18.25,22948,14632,"Leonora Curtin",13,1850,"fossil",2015,168,c(-106.106515, 35.56948)
230953,22.5,22948,14632,"Leonora Curtin",15,1850,"fossil",2015,214,c(-106.106515, 35.56948)
230954,22.5,22948,14632,"Leonora Curtin",17,1850,"fossil",2015,261,c(-106.106515, 35.56948)
230955,22.5,22948,14632,"Leonora Curtin",19,1850,"fossil",2015,308,c(-106.106515, 35.56948)
230956,22.5,22948,14632,"Leonora Curtin",21,1850,"fossil",2015,354,c(-106.106515, 35.56948)
230957,22.5,22948,14632,"Leonora Curtin",23,1850,"fossil",2015,397,c(-106.106515, 35.56948)
230958,22.5,22948,14632,"Leonora Curtin",25,1850,"fossil",2015,442,c(-106.106515, 35.56948)
230959,22.5,22948,14632,"Leonora Curtin",27,1850,"fossil",2015,480,c(-106.106515, 35.56948)
230960,22.5,22948,14632,"Leonora Curtin",29,1850,"fossil",2015,518,c(-106.106515, 35.56948)
264381,14.2,25551,246,"Beef Pasture",4.5,3060,"fossil",2006,14,c(-108.160375, 37.473105)
264382,14.75,25551,246,"Beef Pasture",6.5,3060,"fossil",2006,45,c(-108.160375, 37.473105)
264383,15.3,25551,246,"Beef Pasture",8.5,3060,"fossil",2006,76,c(-108.160375, 37.473105)
264384,15.3,25551,246,"Beef Pasture",10.5,3060,"fossil",2006,106,c(-108.160375, 37.473105)
264385,11.85,25551,246,"Beef Pasture",12.5,3060,"fossil",2006,136,c(-108.160375, 37.473105)
264386,11.9,25551,246,"Beef Pasture",14.5,3060,"fossil",2006,165,c(-108.160375, 37.473105)
264387,15.3,25551,246,"Beef Pasture",16.5,3060,"fossil",2006,196,c(-108.160375, 37.473105)
264388,15.3,25551,246,"Beef Pasture",18.5,3060,"fossil",2006,227,c(-108.160375, 37.473105)
264389,11.9,25551,246,"Beef Pasture",20.5,3060,"fossil",2006,261,c(-108.160375, 37.473105)
264390,11.9,25551,246,"Beef Pasture",22.5,3060,"fossil",2006,294,c(-108.160375, 37.473105)
264391,11.9,25551,246,"Beef Pasture",24.5,3060,"fossil",2006,327,c(-108.160375, 37.473105)
264392,14.75,25551,246,"Beef Pasture",26.5,3060,"fossil",2006,361,c(-108.160375, 37.473105)
264393,14.75,25551,246,"Beef Pasture",28.5,3060,"fossil",2006,394,c(-108.160375, 37.473105)
264394,14.75,25551,246,"Beef Pasture",30.5,3060,"fossil",2006,425,c(-108.160375, 37.473105)
264395,14.75,25551,246,"Beef Pasture",32.5,3060,"fossil",2006,456,c(-108.160375, 37.473105)
264396,14.75,25551,246,"Beef Pasture",34.5,3060,"fossil",2006,485,c(-108.160375, 37.473105)
264397,15.3,25551,246,"Beef Pasture",36.5,3060,"fossil",2006,508,c(-108.160375, 37.473105)
264398,15.3,25551,246,"Beef Pasture",38.5,3060,"fossil",2006,531,c(-108.160375, 37.473105)
264399,15.3,25551,246,"Beef Pasture",40.5,3060,"fossil",2006,558,c(-108.160375, 37.473105)
264400,15.3,25551,246,"Beef Pasture",42.5,3060,"fossil",2006,585,c(-108.160375, 37.473105)
264401,15.3,25551,246,"Beef Pasture",44.5,3060,"fossil",2006,613,c(-108.160375, 37.473105)
264402,15.3,25551,246,"Beef Pasture",46.5,3060,"fossil",2006,641,c(-108.160375, 37.473105)
264403,15.3,25551,246,"Beef Pasture",48.5,3060,"fossil",2006,668,c(-108.160375, 37.473105)
264404,15.3,25551,246,"Beef Pasture",50.5,3060,"fossil",2006,694,c(-108.160375, 37.473105)
264405,15.3,25551,246,"Beef Pasture",52.5,3060,"fossil",2006,714,c(-108.160375, 37.473105)
264406,11.9,25551,246,"Beef Pasture",54.5,3060,"fossil",2006,733,c(-108.160375, 37.473105)
264407,15.3,25551,246,"Beef Pasture",56.5,3060,"fossil",2006,752,c(-108.160375, 37.473105)
264408,11.9,25551,246,"Beef Pasture",58.5,3060,"fossil",2006,772,c(-108.160375, 37.473105)
264409,15.3,25551,246,"Beef Pasture",60.5,3060,"fossil",2006,793,c(-108.160375, 37.473105)
264410,15.3,25551,246,"Beef Pasture",62.5,3060,"fossil",2006,816,c(-108.160375, 37.473105)
264411,15.3,25551,246,"Beef Pasture",64.5,3060,"fossil",2006,838,c(-108.160375, 37.473105)
264412,15.3,25551,246,"Beef Pasture",66.5,3060,"fossil",2006,861,c(-108.160375, 37.473105)
264413,15.3,25551,246,"Beef Pasture",68.5,3060,"fossil",2006,885,c(-108.160375, 37.473105)
264414,12.6,25551,246,"Beef Pasture",70.5,3060,"fossil",2006,912,c(-108.160375, 37.473105)
264415,15.3,25551,246,"Beef Pasture",72.5,3060,"fossil",2006,943,c(-108.160375, 37.473105)
264416,11.9,25551,246,"Beef Pasture",74.5,3060,"fossil",2006,973,c(-108.160375, 37.473105)
264417,8.25,25551,246,"Beef Pasture",76.5,3060,"fossil",2006,1004,c(-108.160375, 37.473105)
264418,15.3,25551,246,"Beef Pasture",78.5,3060,"fossil",2006,1035,c(-108.160375, 37.473105)
264419,12.6,25551,246,"Beef Pasture",80.5,3060,"fossil",2006,1072,c(-108.160375, 37.473105)
264420,15.3,25551,246,"Beef Pasture",82.5,3060,"fossil",2006,1115,c(-108.160375, 37.473105)
264421,15.3,25551,246,"Beef Pasture",84.5,3060,"fossil",2006,1158,c(-108.160375, 37.473105)
264422,15.3,25551,246,"Beef Pasture",86.5,3060,"fossil",2006,1201,c(-108.160375, 37.473105)
264423,11.9,25551,246,"Beef Pasture",88.5,3060,"fossil",2006,1246,c(-108.160375, 37.473105)
264424,8.25,25551,246,"Beef Pasture",90.5,3060,"fossil",2006,1288,c(-108.160375, 37.473105)
264425,15.3,25551,246,"Beef Pasture",92.5,3060,"fossil",2006,1325,c(-108.160375, 37.473105)
264426,15.3,25551,246,"Beef Pasture",94.5,3060,"fossil",2006,1362,c(-108.160375, 37.473105)
264427,11.9,25551,246,"Beef Pasture",96.5,3060,"fossil",2006,1400,c(-108.160375, 37.473105)
264428,15.3,25551,246,"Beef Pasture",98.5,3060,"fossil",2006,1438,c(-108.160375, 37.473105)
264429,8.25,25551,246,"Beef Pasture",100.5,3060,"fossil",2006,1473,c(-108.160375, 37.473105)
264430,15.3,25551,246,"Beef Pasture",102.5,3060,"fossil",2006,1505,c(-108.160375, 37.473105)
264431,15.3,25551,246,"Beef Pasture",104.5,3060,"fossil",2006,1536,c(-108.160375, 37.473105)
264432,8.25,25551,246,"Beef Pasture",106.5,3060,"fossil",2006,1568,c(-108.160375, 37.473105)
264433,8.25,25551,246,"Beef Pasture",108.5,3060,"fossil",2006,1600,c(-108.160375, 37.473105)
264434,15.3,25551,246,"Beef Pasture",110.5,3060,"fossil",2006,1628,c(-108.160375, 37.473105)
264435,15.3,25551,246,"Beef Pasture",112.5,3060,"fossil",2006,1652,c(-108.160375, 37.473105)
264436,15.3,25551,246,"Beef Pasture",114.5,3060,"fossil",2006,1675,c(-108.160375, 37.473105)
264437,8.25,25551,246,"Beef Pasture",116.5,3060,"fossil",2006,1699,c(-108.160375, 37.473105)
264438,15.3,25551,246,"Beef Pasture",118.5,3060,"fossil",2006,1723,c(-108.160375, 37.473105)
264439,15.3,25551,246,"Beef Pasture",120.5,3060,"fossil",2006,1747,c(-108.160375, 37.473105)
264440,11.9,25551,246,"Beef Pasture",122.5,3060,"fossil",2006,1772,c(-108.160375, 37.473105)
264441,15.3,25551,246,"Beef Pasture",124.5,3060,"fossil",2006,1797,c(-108.160375, 37.473105)
264442,15.3,25551,246,"Beef Pasture",126.5,3060,"fossil",2006,1823,c(-108.160375, 37.473105)
264443,15.3,25551,246,"Beef Pasture",128.5,3060,"fossil",2006,1848,c(-108.160375, 37.473105)
264444,15.3,25551,246,"Beef Pasture",130.5,3060,"fossil",2006,1873,c(-108.160375, 37.473105)
264445,15.3,25551,246,"Beef Pasture",132.5,3060,"fossil",2006,1897,c(-108.160375, 37.473105)
264446,11.9,25551,246,"Beef Pasture",134.5,3060,"fossil",2006,1921,c(-108.160375, 37.473105)
264447,15.3,25551,246,"Beef Pasture",136.5,3060,"fossil",2006,1944,c(-108.160375, 37.473105)
264448,15.3,25551,246,"Beef Pasture",138.5,3060,"fossil",2006,1968,c(-108.160375, 37.473105)
264449,10.65,25551,246,"Beef Pasture",140.5,3060,"fossil",2006,1996,c(-108.160375, 37.473105)
264450,10.65,25551,246,"Beef Pasture",142.5,3060,"fossil",2006,2032,c(-108.160375, 37.473105)
264451,15.3,25551,246,"Beef Pasture",144.5,3060,"fossil",2006,2067,c(-108.160375, 37.473105)
347871,10.5,41580,23930,"Hermit Lake",5.5,3450,"fossil",2018,-46,c(-105.63166, 38.08806)
347872,10.5,41580,23930,"Hermit Lake",11.5,3450,"fossil",2018,-38,c(-105.63166, 38.08806)
347873,10.5,41580,23930,"Hermit Lake",15.5,3450,"fossil",2018,-34,c(-105.63166, 38.08806)
347874,10.8,41580,23930,"Hermit Lake",20.5,3450,"fossil",2018,-24,c(-105.63166, 38.08806)
347875,10.8,41580,23930,"Hermit Lake",25.5,3450,"fossil",2018,-4,c(-105.63166, 38.08806)
347876,10.5,41580,23930,"Hermit Lake",30,3450,"fossil",2018,23,c(-105.63166, 38.08806)
347877,10.5,41580,23930,"Hermit Lake",50,3450,"fossil",2018,213,c(-105.63166, 38.08806)
347878,10.5,41580,23930,"Hermit Lake",70,3450,"fossil",2018,493,c(-105.63166, 38.08806)
347879,10.5,41580,23930,"Hermit Lake",90,3450,"fossil",2018,784,c(-105.63166, 38.08806)
347880,8.7,41580,23930,"Hermit Lake",110,3450,"fossil",2018,1047,c(-105.63166, 38.08806)
347881,9.25,41580,23930,"Hermit Lake",130,3450,"fossil",2018,1278,c(-105.63166, 38.08806)
347882,10.5,41580,23930,"Hermit Lake",150,3450,"fossil",2018,1540,c(-105.63166, 38.08806)
347883,10.5,41580,23930,"Hermit Lake",170,3450,"fossil",2018,1969,c(-105.63166, 38.08806)
347884,10.5,41580,23930,"Hermit Lake",190,3450,"fossil",2018,2448,c(-105.63166, 38.08806)
347885,10.5,41580,23930,"Hermit Lake",210,3450,"fossil",2018,2951,c(-105.63166, 38.08806)
347886,10.5,41580,23930,"Hermit Lake",230,3450,"fossil",2018,3396,c(-105.63166, 38.08806)
347887,10.5,41580,23930,"Hermit Lake",250,3450,"fossil",2018,3693,c(-105.63166, 38.08806)
347888,10.5,41580,23930,"Hermit Lake",270,3450,"fossil",2018,3773,c(-105.63166, 38.08806)
347889,10.5,41580,23930,"Hermit Lake",290,3450,"fossil",2018,3844,c(-105.63166, 38.08806)
347890,10.5,41580,23930,"Hermit Lake",310,3450,"fossil",2018,3895,c(-105.63166, 38.08806)
347891,10.5,41580,23930,"Hermit Lake",330,3450,"fossil",2018,3995,c(-105.63166, 38.08806)
347892,10.5,41580,23930,"Hermit Lake",350,3450,"fossil",2018,4003,c(-105.63166, 38.08806)
347893,10.5,41580,23930,"Hermit Lake",370,3450,"fossil",2018,4116,c(-105.63166, 38.08806)
347894,10.5,41580,23930,"Hermit Lake",390,3450,"fossil",2018,4362,c(-105.63166, 38.08806)
347895,10.5,41580,23930,"Hermit Lake",410,3450,"fossil",2018,4748,c(-105.63166, 38.08806)
347896,8.7,41580,23930,"Hermit Lake",430,3450,"fossil",2018,5092,c(-105.63166, 38.08806)
363415,15.3,42645,24232,"Soldier Creek Meadow",5,2860,"fossil",2009,41,c(-109.92042, 32.70177)
363418,16.15,42645,24232,"Soldier Creek Meadow",30,2860,"fossil",2009,424,c(-109.92042, 32.70177)
363419,17.15,42645,24232,"Soldier Creek Meadow",35,2860,"fossil",2009,500,c(-109.92042, 32.70177)
363420,15.05,42645,24232,"Soldier Creek Meadow",40,2860,"fossil",2009,576,c(-109.92042, 32.70177)
363421,14.75,42645,24232,"Soldier Creek Meadow",45,2860,"fossil",2009,653,c(-109.92042, 32.70177)
363422,17.15,42645,24232,"Soldier Creek Meadow",50,2860,"fossil",2009,729,c(-109.92042, 32.70177)
363425,16.15,42645,24232,"Soldier Creek Meadow",65,2860,"fossil",2009,954,c(-109.92042, 32.70177)
363427,17.15,42645,24232,"Soldier Creek Meadow",75,2860,"fossil",2009,1101,c(-109.92042, 32.70177)
363429,15.55,42645,24232,"Soldier Creek Meadow",85,2860,"fossil",2009,1247,c(-109.92042, 32.70177)
363430,15.55,42645,24232,"Soldier Creek Meadow",90,2860,"fossil",2009,1320,c(-109.92042, 32.70177)
430698,16.7,46801,26738,"Hospital Flat Meadow",5,2747,"fossil",2009,31,c(-109.87742, 32.66757)
430699,16.3,46801,26738,"Hospital Flat Meadow",10,2747,"fossil",2009,116,c(-109.87742, 32.66757)
430700,16.7,46801,26738,"Hospital Flat Meadow",15,2747,"fossil",2009,254,c(-109.87742, 32.66757)
430701,15.2,46801,26738,"Hospital Flat Meadow",20,2747,"fossil",2009,394,c(-109.87742, 32.66757)
430702,17.2,46801,26738,"Hospital Flat Meadow",25,2747,"fossil",2009,533,c(-109.87742, 32.66757)
430703,15.45,46801,26738,"Hospital Flat Meadow",30,2747,"fossil",2009,667,c(-109.87742, 32.66757)
430704,15.45,46801,26738,"Hospital Flat Meadow",35,2747,"fossil",2009,794,c(-109.87742, 32.66757)
430705,15.45,46801,26738,"Hospital Flat Meadow",40,2747,"fossil",2009,921,c(-109.87742, 32.66757)
430706,15.55,46801,26738,"Hospital Flat Meadow",45,2747,"fossil",2009,1047,c(-109.87742, 32.66757)
430707,15.55,46801,26738,"Hospital Flat Meadow",50,2747,"fossil",2009,1173,c(-109.87742, 32.66757)
